Complaint,DateOccur,Type,Description,ILEADSAddress,ILEADSStreet,XCoord,YCoord
18-059860,01/01/2018 15:41,Larceny,LARCENY-FROM BUILDING UNDER $500,3512,ILLINOIS AVE,37.09174906398256,-89.77277633518868
19-000484,01/02/2018 19:15,Auto Theft,AUTO THEFT-PERM RETNT/UNRECOV OVER 48HR,3523,BINGHAM AVE,37.0796583692882,-89.79318336596953
18-057324,01/17/2018 07:36,Other Offenses,OBSTRUCT GOVRN OP-OTHR UNSPC GOV REG VIOL,1915,OLIVE ST,37.133598730163634,-89.7607580002589
18-002847,01/18/2018 16:36,Drug Abuse,DRUGS-SALE/COCAINE,5611,ENRIGHT AVE,37.153817432815835,-89.835338176982
18-057771,02/09/2004 12:57,Other Offenses,OBSTRUCT GOVRN OP-OTHR UNSPC GOV REG VIOL,1915,OLIVE ST,37.133598730163634,-89.7607580002589
19-000202,03/01/2018 09:47,Larceny,"LARCENY-ALL OTHER $500 - $24,999",4716,SAN FRANCISCO AVE,37.17505233770329,-89.79834538157182
18-059496,03/05/2018 12:00,Larceny,"LARCENY-FROM BUILDING $500 - $24,999",8123,REILLY AVE,37.04157236195836,-89.80719466508899
18-012262,03/16/2018 15:20,Arson,SIMPLE ASSAULT-ADULT/NO INJURY,3035,CASS AVE,37.148310699209674,-89.77477887936996
18-058511,03/20/2018 08:03,Other Offenses,OBSTRUCT GOVRN OP-OTHR UNSPC GOV REG VIOL,1915,OLIVE ST,37.133598730163634,-89.7607580002589
18-058566,03/21/2016 12:03,Other Offenses,OBSTRUCT GOVRN OP-OTHR UNSPC GOV REG VIOL,1915,OLIVE ST,37.133598730163634,-89.7607580002589
18-058645,03/27/2018 19:23,Fraud,STLG BY DECEIT/IDENTITY THEFT REPORT,3509,SHENANDOAH AVE,37.11050424476269,-89.79010073430017
18-057343,04/01/2013 08:47,Fraud,STLG BY DECEIT/IDENTITY THEFT REPORT,3830,NEBRASKA AVE,37.08681709667675,-89.7837624448122
18-057218,04/01/2018 08:00,Disorderly Conduct,DISORDERLY CONDUCT-HARRASSMENT (IF NO THREAT I,35,WESTMORELAND PL,37.146074123961725,-89.82347565091023
18-059959,04/06/2018 09:20,Other Offenses,OBSTRUCT GOVRN OP-OTHR UNSPC GOV REG VIOL,1915,OLIVE ST,37.133598730163634,-89.7607580002589
18-057927,04/07/2017 10:46,Other Offenses,OBSTRUCT GOVRN OP-OTHR UNSPC GOV REG VIOL,1915,OLIVE ST,37.133598730163634,-89.7607580002589
18-059004,04/20/2016 07:50,Other Offenses,OBSTRUCT GOVRN OP-OTHR UNSPC GOV REG VIOL,1915,OLIVE ST,37.133598730163634,-89.7607580002589
18-059829,04/20/2016 12:48,Other Offenses,OBSTRUCT GOVRN OP-OTHR UNSPC GOV REG VIOL,1915,OLIVE ST,37.133598730163634,-89.7607580002589
18-057315,04/26/2017 07:01,Other Offenses,OBSTRUCT GOVRN OP-OTHR UNSPC GOV REG VIOL,1915,OLIVE ST,37.133598730163634,-89.7607580002589
18-057581,04/26/2017 13:08,Other Offenses,OBSTRUCT GOVRN OP-OTHR UNSPC GOV REG VIOL,1915,OLIVE ST,37.133598730163634,-89.7607580002589
18-057559,04/28/2018 12:00,Fraud,FRAUD-CREDIT DEVICE/OVER $150,8927,HALLS FERRY RD,37.22036904045406,-89.79550324328389
18-059957,05/01/2017 09:18,Other Offenses,OBSTRUCT GOVRN OP-OTHR UNSPC GOV REG VIOL,1915,OLIVE ST,37.133598730163634,-89.7607580002589
18-058387,05/01/2017 12:00,Larceny,LARCENY-ALL OTHER UNDER $500,1109,BELT AVE,37.160140001526166,-89.83071603833692
18-057924,05/14/2018 10:43,Other Offenses,OBSTRUCT GOVRN OP-OTHR UNSPC GOV REG VIOL,1915,OLIVE ST,37.133598730163634,-89.7607580002589
18-058398,05/22/2018 16:00,Larceny,"LARCENY-FROM MTR VEH $500 - $24,999",1000,WASHINGTON AVE,37.13302805817234,-89.74775964026071
18-060207,05/24/2018 21:00,Neglect,FAMILY & CHILD CRIME-ENDANGR WELF CHILD,4144,ST LOUIS AVE,37.16140186663497,-89.78704732119711
18-059798,06/01/2018 08:00,Larceny,"LARCENY-ALL OTHER $500 - $24,999",5601,HALL ST,37.18602127567347,-89.76318545852507
18-057979,06/01/2018 12:00,Larceny,LARCENY-ALL OTH/FRM PRSN/UNDER $500,750,N 16TH ST,37.13569143818113,-89.75472310832257
18-058079,06/06/2016 10:34,Other Offenses,OBSTRUCT GOVRN OP-OTHR UNSPC GOV REG VIOL,1915,OLIVE ST,37.133598730163634,-89.7607580002589
18-059955,06/07/2017 09:17,Other Offenses,OBSTRUCT GOVRN OP-OTHR UNSPC GOV REG VIOL,1915,OLIVE ST,37.133598730163634,-89.7607580002589
18-057926,06/07/2018 10:45,Other Offenses,OBSTRUCT GOVRN OP-OTHR UNSPC GOV REG VIOL,1915,OLIVE ST,37.133598730163634,-89.7607580002589
18-059931,06/10/2018 22:00,Larceny,"LARCENY-FROM BUILDING $500 - $24,999",3201,JANUARY AVE,37.103387020517076,-89.8381411403102
18-059475,06/12/2018 12:00,Larceny,LARCENY-FROM BUILDING UNDER $500,2701,UTAH ST,37.09664295593679,-89.77821354833983
18-059691,06/17/2018 00:01,Arson,"ASSAULT, CHILD, AGE 16 AND UNDR-DOMESTIC",700,CLARK AVE,37.12614345780213,-89.74599517135184
18-057715,06/21/2006 08:48,Other Offenses,OBSTRUCT GOVRN OP-OTHR UNSPC GOV REG VIOL,1915,OLIVE ST,37.133598730163634,-89.7607580002589
18-057749,06/22/2018 11:30,Fraud,STLG BY DECEIT/IDENTITY THEFT REPORT,4961,MIAMI ST,37.095292223085245,-89.82408486919304
18-029772,06/29/2018 16:12,Arson,SIMPLE ASSAULT-HARRASSMENT,1114,MARKET ST,37.12876660951038,-89.7506919626813
18-058082,07/07/2015 10:36,Other Offenses,OBSTRUCT GOVRN OP-OTHR UNSPC GOV REG VIOL,1915,OLIVE ST,37.133598730163634,-89.7607580002589
18-057320,07/09/2018 07:34,Other Offenses,OBSTRUCT GOVRN OP-OTHR UNSPC GOV REG VIOL,1915,OLIVE ST,37.133598730163634,-89.7607580002589
18-058083,07/09/2018 10:37,Other Offenses,OBSTRUCT GOVRN OP-OTHR UNSPC GOV REG VIOL,1915,OLIVE ST,37.133598730163634,-89.7607580002589
18-058834,07/13/2009 07:54,Other Offenses,OBSTRUCT GOVRN OP-OTHR UNSPC GOV REG VIOL,1915,OLIVE ST,37.133598730163634,-89.7607580002589
18-058867,07/13/2009 12:12,Other Offenses,OBSTRUCT GOVRN OP-OTHR UNSPC GOV REG VIOL,1915,OLIVE ST,37.133598730163634,-89.7607580002589
18-059848,07/13/2009 14:20,Other Offenses,OBSTRUCT GOVRN OP-OTHR UNSPC GOV REG VIOL,1915,OLIVE ST,37.133598730163634,-89.7607580002589
18-057316,07/20/2018 08:00,Other Offenses,PUBLIC ORDER-OTHR UNSPC PBLC ORDER VIOLATION,4216,BATES ST,37.07478239547468,-89.8164817520625
18-056258,08/01/2018 00:01,Arson,SIMPLE ASSAULT-CHILD/NO INJURY,4238,CALIFORNIA AVE,37.07919182070923,-89.78262988424548
18-057925,08/05/2016 10:44,Other Offenses,OBSTRUCT GOVRN OP-OTHR UNSPC GOV REG VIOL,1915,OLIVE ST,37.133598730163634,-89.7607580002589
18-057188,08/07/2013 11:28,Other Offenses,OBSTRUCT GOVRN OP-OTHR UNSPC GOV REG VIOL,1915,OLIVE ST,37.133598730163634,-89.7607580002589
18-057322,08/07/2018 07:34,Other Offenses,OBSTRUCT GOVRN OP-OTHR UNSPC GOV REG VIOL,1915,OLIVE ST,37.133598730163634,-89.7607580002589
18-048445,08/08/2018 12:00,Forgery,FORGERY-ISSUING FALSE INSTRUMENT OR CERTIFICAT,710,OLIVE ST,37.130385699809366,-89.74485187833922
19-000428,08/09/2001 15:11,Other Offenses,OBSTRUCT GOVRN OP-OTHR UNSPC GOV REG VIOL,1915,OLIVE ST,37.133598730163634,-89.7607580002589
18-060983,08/10/2018 00:01,Other Offenses,PUBLIC ORDER-OTHR UNSPC PBLC ORDER VIOLATION,3530,MIAMI ST,37.09204509160433,-89.79347122675622
18-057567,08/13/2018 08:00,Auto Theft,AUTO THEFT-OTHR VEH/PERM RETNT/UNRECOV OVER 48,1,N GRAND BLVD,37.13522862685494,-89.78628599760087
18-057754,08/17/2016 11:50,Other Offenses,OBSTRUCT GOVRN OP-OTHR UNSPC GOV REG VIOL,1915,OLIVE ST,37.133598730163634,-89.7607580002589
18-057217,08/17/2018 15:00,Larceny,"LARCENY-FROM BUILDING $500 - $24,999",5101,MCREE AVE,37.12132301261341,-89.82072685657953
18-058187,08/20/2018 23:24,Vandalism,DESTRUCTION OF PROPERTY-MALICIOUS/PRIV PROP,4858,NORTHLAND AVE,37.16759609705187,-89.8077384447957
18-057410,08/25/2018 15:30,Larceny,LARCENY-MTR VEH PARTS UNDER $500,4305,RANDALL PL,37.170302449343104,-89.75820229190587
18-057539,08/30/2018 09:19,Fraud,STLG BY DECEIT/IDENTITY THEFT REPORT,7835,RIO SILVA PL,37.05232434547455,-89.81723616627839
18-059846,09/01/2018 07:00,Larceny,"LARCENY-ALL OTHER $500 - $24,999",1437,TEMPLE PL,37.16842739643349,-89.83170216500744
18-059835,09/01/2018 08:00,Larceny,LARCENY-MTR VEH PARTS UNDER $500,3326,SHENANDOAH AVE,37.10974873206081,-89.78734737880386
18-041829,09/04/2018 16:00,Larceny,LARCENY-SHOPLIFT UNDER $500,4171,LINDELL BLVD,37.14077340400386,-89.80091587291172
18-042187,09/06/2018 14:00,Assault,"AGG.ASSAULT-HNDS,FST,FEET/CTZEN CHLD 3RD DEGRE",4248,COTTAGE AVE,37.160469415368844,-89.79239358610008
18-057319,09/09/2018 07:31,Other Offenses,OBSTRUCT GOVRN OP-OTHR UNSPC GOV REG VIOL,1915,OLIVE ST,37.133598730163634,-89.7607580002589
18-060798,09/09/2018 09:15,Fraud,STLG BY DECEIT/IDENTITY THEFT REPORT,4949,BARNES JEWISH HOSPITAL PLZ,37.13477444672992,-89.81678360930704
18-053930,09/10/2018 10:00,Disorderly Conduct,DISORDERLY CONDUCT-HARRASSMENT (IF NO THREAT I,0,S BROADWAY / I 55 SOUTHBOUND,37.093062097584834,-89.76540354716049
18-043449,09/13/2018 14:57,Drug Abuse,DRUGS-SALE/OTHR UNSPEC DRUG,4400,CLARENCE AVE,37.17795084815388,-89.78463082154214
18-058080,09/14/2016 10:35,Other Offenses,OBSTRUCT GOVRN OP-OTHR UNSPC GOV REG VIOL,1915,OLIVE ST,37.133598730163634,-89.7607580002589
18-057176,09/16/2018 05:30,Other Offenses,PUBLIC ORDER-OTHR UNSPC PBLC ORDER VIOLATION,219,CASS AVE,37.14199624216936,-89.73865010459593
18-059507,09/17/2018 13:00,Larceny,LARCENY-MTR VEH PARTS UNDER $500,4234,DEWEY AVE,37.08165160461531,-89.7970998159118
18-060828,09/17/2018 16:00,Auto Theft,AUTO THEFT-MTRCYCLE/PERM RETNT/UNRECOV OVER 48,1445,S 18TH ST,37.117732399431816,-89.76323190812782
18-044942,09/21/2018 12:21,Disorderly Conduct,DISORDERLY CONDUCT-PEACE DSTRB/INDIVIDUAL,3035,CASS AVE,37.148310699209674,-89.77477887936996
18-058397,09/21/2018 23:00,Other Offenses,PUBLIC ORDER-OTHR UNSPC PBLC ORDER VIOLATION,3149,BRANTNER PL,37.14668952745274,-89.77761987132526
18-060824,09/22/2018 12:00,Larceny,LARCENY-ALL OTHER UNDER $500,1817,LASALLE ST,37.121442567738534,-89.76322154859656
18-046166,09/25/2018 10:00,Other Offenses,HEALTH-SANITATION VIOL,7621,S BROADWAY,37.047162612131935,-89.80633525642628
18-058916,09/25/2018 14:03,Burglary,BURGLARY-RESDNCE/UNK TIM/UNLW EN/UNOCCUPIED,1332,SHAWMUT PL,37.166369012604456,-89.83468512935976
18-045758,09/26/2018 08:24,Drug Abuse,DRUGS-POSSESSION/METHAMPHETAMINE,520,S JEFFERSON AVE,37.12753162340286,-89.76894597337008
18-046080,09/27/2018 18:55,Weapons,WEAPONS-STATE VIOL/UNLWFL USE/POSSESSION,205,N 9TH ST,37.130468601745854,-89.74716724646072
18-057187,09/29/2018 18:05,Other Offenses,PUBLIC ORDER-OTHR UNSPC PBLC ORDER VIOLATION,35,S GRAND BLVD,37.134401802522,-89.78698460819457
18-057776,09/30/2018 14:30,Burglary,BURGLARY-RESDNCE/UNK TIM/FORC ENT/UNOCCUPIED,342,CHRISTIAN AVE,37.20926872955628,-89.78446619075238
18-058900,09/30/2018 15:00,Burglary,BURGLARY-RESDNCE/UNK TIM/FORC ENT/UNOCCUPIED,4431,FARLIN AVE,37.173964662033306,-89.7897396166089
18-060589,10/01/2018 08:00,Other Offenses,PORNAGRAPHY-PROMOTING,3848,BAMBERGER AVE,37.087868404071614,-89.79946795400915
18-059647,10/01/2018 12:00,Fraud,STLG BY DECEIT/IDENTITY THEFT REPORT,811,CANAAN AVE,37.22124153301125,-89.78650269793071
18-057291,10/01/2018 12:00,Assault,ASLT-AGGRV-HND/FST/FT-3RD-CHILD-DOMESTIC,6034,THEKLA AVE,37.20410155109177,-89.81192983683269
18-057192,10/01/2018 12:10,Fraud,FRAUD-STEALING BY DECEIT/OVER $150,6640,OLEATHA AVE,37.09719276305227,-89.85437027508364
18-046877,10/02/2018 14:00,Other Offenses,LEAVING SCENE OF ACCIDENT,5020,LEXINGTON AVE,37.17475311053562,-89.80875785133864
18-047084,10/03/2018 12:41,Other Assault,ARSON-KNOWINGLY BURNING/SUCCESS,2604,S JEFFERSON AVE,37.105924039173836,-89.77392020517536
18-058875,10/03/2018 13:05,Larceny,LARCENY-MTR VEH PARTS UNDER $500,5335,COLUMBIA AVE,37.11054691944538,-89.82716049511295
18-059260,10/04/2018 14:00,Larceny,LARCENY-ALL OTHER UNDER $500,0,ARSENAL ST / S BROADWAY,37.09710828400241,-89.76144647077466
18-058081,10/06/2017 10:35,Other Offenses,OBSTRUCT GOVRN OP-OTHR UNSPC GOV REG VIOL,1915,OLIVE ST,37.133598730163634,-89.7607580002589
18-059068,10/06/2018 08:00,Larceny,LARCENY-FROM MTR VEH UNDER $500,4712,MILENTZ AVE,37.073903656511874,-89.82884560597968
18-057565,10/06/2018 20:20,Other Offenses,PUBLIC ORDER-OTHR UNSPC PBLC ORDER VIOLATION,3530,WINNEBAGO ST,37.09069939644444,-89.79291207018893
18-057224,10/10/2018 16:20,Other Offenses,PUBLIC ORDER-OTHR UNSPC PBLC ORDER VIOLATION,3435,DELMAR BLVD,37.14082923421363,-89.78024634442892
18-058596,10/11/2018 00:01,Neglect,FAMILY & CHILD CRIME-ENDANGR WELF CHILD,5855,SELBER CT,37.1836180509465,-89.82776662027626
18-057231,10/11/2018 12:35,Other Offenses,PUBLIC ORDER-OTHR UNSPC PBLC ORDER VIOLATION,1432,HOGAN ST,37.143777509151775,-89.75574854370703
18-057213,10/13/2018 00:01,Other Offenses,PUBLIC ORDER-OTHR UNSPC PBLC ORDER VIOLATION,1519,N 20TH ST,37.145231275162004,-89.75905290717077
18-057233,10/13/2018 10:10,Other Offenses,PUBLIC ORDER-OTHR UNSPC PBLC ORDER VIOLATION,1110,LONG ST,37.14038856900805,-89.75702167812737
18-057573,10/13/2018 21:45,Other Offenses,PUBLIC ORDER-OTHR UNSPC PBLC ORDER VIOLATION,2640,RUTGER ST,37.12145092378763,-89.77239571295509
18-057243,10/14/2018 09:20,Other Offenses,PUBLIC ORDER-OTHR UNSPC PBLC ORDER VIOLATION,721,N TUCKER BLVD,37.13503399589863,-89.75000215610635
18-057239,10/14/2018 20:50,Other Offenses,PUBLIC ORDER-OTHR UNSPC PBLC ORDER VIOLATION,1444,N 10TH ST,37.141960697931204,-89.74465754691181
18-060383,10/15/2018 00:01,Larceny,"LARCENY-FROM BUILDING $500 - $24,999",4831,SACRAMENTO AVE,37.17550671367097,-89.80052504627089
18-049021,10/15/2018 07:00,Arson,"ASSAULT, ADULT, AGE 17 AND UP-DOMESTIC",1212,N 8TH ST,37.13852564535568,-89.7433145300996
18-049021,10/15/2018 07:00,Arson,SIMPLE ASSAULT-CHILD/NO INJURY,1212,N 8TH ST,37.13852564535568,-89.7433145300996
18-058559,10/15/2018 07:30,Larceny,"LARCENY-ALL OTHER $500 - $24,999",3810,WASHINGTON AVE,37.14148788347461,-89.78870431745504
18-057762,10/15/2018 07:45,Other Offenses,PUBLIC ORDER-OTHR UNSPC PBLC ORDER VIOLATION,3226,UTAH ST,37.09707337473451,-89.78809449692847
18-057542,10/15/2018 08:00,Larceny,LARCENY-ALL OTHER UNDER $500,28,COLUMBUS SQUARE DR,37.13854141895288,-89.74566948262431
18-059050,10/15/2018 11:44,Larceny,"LARCENY-FROM BUILDING $500 - $24,999",2912,DODIER ST,37.156412332818796,-89.77102251113314
18-057526,10/15/2018 12:00,Forgery,FORGERY-ISSUING FALSE INSTRUMENT OR CERTIFICAT,5200,N 2ND ST,37.18231201656009,-89.76040208326857
18-051884,10/15/2018 12:51,Other Offenses,LEAVING SCENE OF ACCIDENT,608,EASTGATE AVE,37.15413192486346,-89.8533841847307
18-049548,10/17/2018 18:00,Other Offenses,LEAVING SCENE OF ACCIDENT,1320,S BROADWAY,37.114890100957865,-89.74752569301137
18-057362,10/18/2018 00:01,Other Offenses,PUBLIC ORDER-OTHR UNSPC PBLC ORDER VIOLATION,721,N TUCKER BLVD,37.13503399589863,-89.75000215610635
18-057600,10/18/2018 02:58,Other Offenses,PUBLIC ORDER-OTHR UNSPC PBLC ORDER VIOLATION,1403,N PARK PL,37.16590692591444,-89.75610678509605
18-057363,10/18/2018 08:34,Other Offenses,PUBLIC ORDER-OTHR UNSPC PBLC ORDER VIOLATION,721,N TUCKER BLVD,37.13503399589863,-89.75000215610635
18-051931,10/19/2018 17:50,Stolen Property,"STOLEN PROPERTY-BUYING,RECEIVING,POSSESSING,ET",4251,LINDELL BLVD,37.14145913842433,-89.80272346212968
18-049907,10/19/2018 22:00,Burglary,BURGLARY-RESDNCE/UNK TIM/FORC ENT/UNOCCUPIED,3747,PALM ST,37.163051010312074,-89.7750430947431
18-049884,10/20/2018 01:20,Other Offenses,OBSTRUCT GOVRN OP-JUDIC/OTHR UNSPC JUDIC VIOL,4344,TAFT AVE,37.08650222708037,-89.81648830106262
18-057538,10/20/2018 09:55,Other Offenses,PUBLIC ORDER-OTHR UNSPC PBLC ORDER VIOLATION,4045,PECK ST,37.1644113413001,-89.76871761136182
18-050140,10/21/2018 16:35,Robbery,ROBBERY-COMMERCE PL/FIREARM USED/SUCCESS,3636,S GRAND BLVD,37.091258119150105,-89.79368077315674
18-057214,10/22/2018 04:48,Other Offenses,PUBLIC ORDER-OTHR UNSPC PBLC ORDER VIOLATION,3834,MINNESOTA AVE,37.08689845379219,-89.78601414711014
18-058602,10/22/2018 07:21,Arson,SIMPLE ASSAULT-HARRASSMENT,133,E KRAUSS ST,37.05187883452479,-89.79770443922344
18-057386,10/22/2018 20:35,Other Offenses,PUBLIC ORDER-OTHR UNSPC PBLC ORDER VIOLATION,35,S GRAND BLVD,37.134401802522,-89.78698460819457
18-059202,10/23/2018 00:01,Fraud,FRAUD-CREDIT DEVICE/OVER $150,3187,NEBRASKA AVE,37.099177185534515,-89.78254801475157
18-059202,10/23/2018 00:01,Fraud,FRAUD-CREDIT DEVICE/OVER $150,3187,NEBRASKA AVE,37.099177185534515,-89.78254801475157
18-059778,10/23/2018 12:00,Fraud,STLG BY DECEIT/IDENTITY THEFT REPORT,1320,LYNHAVEN PL,37.21337408214992,-89.79466650313805
18-057219,10/25/2018 09:20,Other Offenses,PUBLIC ORDER-OTHR UNSPC PBLC ORDER VIOLATION,3825,MINNESOTA AVE,37.087281406555455,-89.7866034401959
18-051243,10/27/2018 00:01,Other Assault,ARSON-2ND DEGREE/SUCCESS,4834,GREER AVE,37.170918405267464,-89.80482688152283
18-059688,10/27/2018 10:40,Other Offenses,PUBLIC ORDER-OTHR UNSPC PBLC ORDER VIOLATION,1440,KEALTY LN,37.11980848280509,-89.75810067604088
18-051241,10/27/2018 12:00,Arson,"ASSAULT, CHILD, AGE 16 AND UNDR-DOMESTIC",1516,N MARKET ST,37.14907312013279,-89.75341508295138
18-051241,10/27/2018 12:00,Arson,"ASSAULT, ADULT, AGE 17 AND UP-DOMESTIC",1516,N MARKET ST,37.14907312013279,-89.75341508295138
18-051324,10/28/2018 02:55,Disorderly Conduct,DISORDERLY CONDUCT-PEACE DSTRB/INDIVIDUAL,1115,HAMPTON AVE,37.12823632403881,-89.83872748995952
18-059775,10/29/2018 10:05,Other Offenses,PUBLIC ORDER-TRESPASSING,1425,HICKORY LN,37.119422874648556,-89.75821873686405
18-057378,10/29/2018 17:30,Other Offenses,PUBLIC ORDER-OTHR UNSPC PBLC ORDER VIOLATION,1100,N 9TH ST,37.13765092984284,-89.74468779979358
18-057368,10/29/2018 22:30,Other Offenses,PUBLIC ORDER-OTHR UNSPC PBLC ORDER VIOLATION,1442,N 16TH ST,37.14305723398756,-89.75244858837513
18-057395,10/30/2018 03:30,Other Offenses,PUBLIC ORDER-OTHR UNSPC PBLC ORDER VIOLATION,3018,KOSSUTH AVE,37.165041887348,-89.76671534019087
18-051921,10/30/2018 17:00,Assault,ASSLT-AGGRAV-FIREARM-3RD-ADULT-DOMESTIC,3603,MARCUS AVE,37.17297632566829,-89.79927097022177
18-057323,10/31/2018 07:36,Other Offenses,OBSTRUCT GOVRN OP-OTHR UNSPC GOV REG VIOL,1915,OLIVE ST,37.133598730163634,-89.7607580002589
18-058407,10/31/2018 08:00,Larceny,LARCENY-ALL OTHER UNDER $500,2547,BREMEN AVE,37.16161142419635,-89.76567740385973
18-051943,10/31/2018 12:00,Weapons,WEAPONS-STATE VIOL/UNLWFL USE/POSSESSION,4610,LABADIE AVE,37.16753381871503,-89.79940700926547
18-057402,11/01/2018 07:00,Burglary,BURGLARY-RESIDENCE/DAY/FORCE ENT/UNOCCUPIED,7119,S BROADWAY,37.050962352126156,-89.80245250586344
18-057959,11/02/2018 13:00,Burglary,BURGLARY-RESIDENCE/DAY/FORCE ENT/UNOCCUPIED,4876,CARTER AVE,37.18350759111759,-89.79729262886295
18-058386,11/02/2018 18:10,Other Offenses,PUBLIC ORDER-OTHR UNSPC PBLC ORDER VIOLATION,3114,FRANKLIN AVE,37.1409839330746,-89.77550908526857
18-059486,11/03/2018 12:00,Fraud,FRAUD-CREDIT DEVICE/OVER $150,4475,BESSIE AVE,37.17782971430931,-89.789073853078
18-061524,11/03/2018 12:28,Fraud,FRAUD-CREDIT DEVICE/OVER $150,4907,WEST PINE BLVD,37.141986858676184,-89.81462341908522
18-057170,11/03/2018 22:00,Larceny,LARCENY-FROM MTR VEH UNDER $500,1300,PESTALOZZI ST,37.10010867788593,-89.76547587053402
18-052584,11/03/2018 22:50,Assault,ASSLT-AGGRAV-FIREARM-1ST-ADULT-DOMESTIC,3926,UTAH ST,37.09796235366605,-89.80193655725476
18-058382,11/05/2018 09:30,Other Offenses,PUBLIC ORDER-OTHR UNSPC PBLC ORDER VIOLATION,3917,N 20TH ST,37.16439631206788,-89.75912129993633
18-058549,11/05/2018 12:00,Forgery,FORGERY,4981,THRUSH AVE,37.19608517442406,-89.809479469462
18-052997,11/06/2018 06:45,Assault,ASSLT-AGGRV-KNIFE/CUT-3RD-ADULT-DOMESTIC,5655,KINGSBURY AVE,37.150283289212275,-89.83613064463029
18-057928,11/06/2018 10:47,Other Offenses,OBSTRUCT GOVRN OP-OTHR UNSPC GOV REG VIOL,1915,OLIVE ST,37.133598730163634,-89.7607580002589
18-053041,11/06/2018 11:25,Stolen Property,"STOLEN PROPERTY-BUYING,RECEIVING,POSSESSING,ET",1600,N 14TH ST,37.14489344463599,-89.74849064048182
18-058377,11/07/2018 16:00,Other Offenses,PUBLIC ORDER-OTHR UNSPC PBLC ORDER VIOLATION,3010,WASHINGTON AVE,37.13770495744252,-89.77517240792082
18-057264,11/07/2018 19:00,Assault,ASSLT-AGGRAV-FIREARM-3RD-ADULT-DOMESTIC,3608,GRAVOIS AVE,37.093205759512024,-89.7937940001762
18-053356,11/08/2018 08:15,Drug Abuse,DRUGS-POSSESSION/MARIJUANA,3035,CASS AVE,37.148310699209674,-89.77477887936996
18-053355,11/08/2018 08:25,Robbery,ROBBERY-HIGHWAY  /STRNGARM/NO INJ/SUCCESS,5818,SELBER CT,37.183312568679106,-89.8270788693242
18-058373,11/08/2018 09:45,Other Offenses,PUBLIC ORDER-OTHR UNSPC PBLC ORDER VIOLATION,1205,N 7TH ST,37.13897323606064,-89.74260760808947
18-053369,11/08/2018 10:41,Fraud,FRAUD-CREDIT DEVICE/UNDER $150,919,N JEFFERSON AVE,37.139508952237115,-89.76613572922696
18-059040,11/08/2018 12:00,Larceny,LARCENY-FROM MTR VEH UNDER $500,0,BLOW ST / VERMONT AVE,37.054226759168785,-89.80621386693272
18-053891,11/09/2018 05:00,Vandalism,DESTRUCTION OF PROPERTY-MALICIOUS/PRIV PROP,1907,S 10TH ST,37.11068707548275,-89.75722909285089
18-058393,11/09/2018 12:00,Fraud,FRAUD-STEALING BY DECEIT/OVER $150,4102,CAMELLIA AVE,37.175238005403045,-89.7909472382085
18-053597,11/09/2018 16:30,Arson,SIMPLE ASSAULT-CHILD/NO INJURY,8538,N BROADWAY,37.21906131189922,-89.78600677304354
18-053597,11/09/2018 16:30,Assault,ASSLT-AGGRV-KNIFE/CUT-1ST-ADULT-DOMESTIC,8538,N BROADWAY,37.21906131189922,-89.78600677304354
18-057610,11/09/2018 20:30,Larceny,LARCENY-FROM MTR VEH UNDER $500  /ATTEMPT,421,S 10TH ST,37.125728780458665,-89.74939057202785
18-058370,11/10/2018 00:50,Other Offenses,PUBLIC ORDER-OTHR UNSPC PBLC ORDER VIOLATION,2816,N VANDEVENTER AVE,37.15878330136429,-89.7805583630191
18-059966,11/10/2018 06:56,Fraud,FRAUD-CREDIT DEVICE/OVER $150,1,N EUCLID AVE,37.14045286376331,-89.8146420084017
18-060030,11/10/2018 13:00,Larceny,LARCENY-FROM MTR VEH UNDER $500,4228,BLAINE AVE,37.12022568546678,-89.80561014328339
18-057380,11/10/2018 15:30,Auto Theft,AUTO THEFT-OTHR VEH/PERM RETNT/UNRECOV OVER 48,4947,W FLORISSANT AVE,37.19003346117933,-89.78987019311228
18-058366,11/10/2018 17:20,Other Offenses,PUBLIC ORDER-OTHR UNSPC PBLC ORDER VIOLATION,1016,CARR ST,37.137886281513104,-89.74597482850128
18-053933,11/11/2018 02:00,Other Offenses,LEAVING SCENE OF ACCIDENT,398,N 20TH ST,37.1347002631697,-89.76112875614801
18-058411,11/11/2018 15:50,Other Offenses,HEALTH-SANITATION VIOL,8241,CHURCH RD,37.213157841316324,-89.78967601164409
18-058392,11/11/2018 21:00,Other Offenses,PUBLIC ORDER-OTHR UNSPC PBLC ORDER VIOLATION,1107,N 18TH ST,37.14038856900805,-89.75702167812737
18-059459,11/12/2018 09:26,Forgery,FORGERY-ISSUING FALSE INSTRUMENT OR CERTIFICAT,5536,SHAW AVE,37.1177075263613,-89.83113669259922
18-059644,11/12/2018 10:38,Other Offenses,OBSTRUCT GOVRN OP-OTHR UNSPC GOV REG VIOL,1915,OLIVE ST,37.133598730163634,-89.7607580002589
18-059669,11/12/2018 12:42,Other Offenses,OBSTRUCT GOVRN OP-OTHR UNSPC GOV REG VIOL,1915,OLIVE ST,37.133598730163634,-89.7607580002589
18-054017,11/12/2018 19:15,Other Offenses,LEAVING SCENE OF ACCIDENT,0,NATURAL BRIDGE AVE / UNION BLV,37.1792098370977,-89.81265359549063
18-057770,11/12/2018 23:40,Other Offenses,PUBLIC ORDER-OTHR UNSPC PBLC ORDER VIOLATION,3829,N 25TH ST,37.16217115052542,-89.76356396615483
18-054050,11/13/2018 04:00,Other Offenses,LEAVING SCENE OF ACCIDENT,0,S BOYLE AVE / I 64 WESTBOUND,37.13148313567074,-89.80539011171096
18-057751,11/13/2018 08:00,Other Offenses,PUBLIC ORDER-OTHR UNSPC PBLC ORDER VIOLATION,3217,DR MARTIN LUTHER KING DR,37.14515360229455,-89.77761300181686
18-057734,11/13/2018 15:50,Other Offenses,PUBLIC ORDER-OTHR UNSPC PBLC ORDER VIOLATION,1315,N 7TH ST,37.13970651533463,-89.74181411526342
18-054197,11/13/2018 19:45,Assault,ASSLT-AGGRAV-FIREARM-3RD-ADULT-DOMESTIC,4761,ALASKA AVE,37.07201797286303,-89.79670344203474
18-054210,11/13/2018 23:00,Arson,SIMPLE ASSAULT-HARRASSMENT,4102,CALIFORNIA AVE,37.081981829036245,-89.78220899498967
18-059682,11/13/2018 23:00,Other Offenses,PUBLIC ORDER-OTHR UNSPC PBLC ORDER VIOLATION,4102,CALIFORNIA AVE,37.081981829036245,-89.78220899498967
18-059043,11/14/2018 10:00,Fraud,FAILURE TO RETURN BORROWED/RENTED VEHICL,5150,LEXINGTON AVE,37.1761905045345,-89.81113244944702
18-054292,11/14/2018 14:25,Weapons,WEAPONS-STATE VIOL/UNLWFL USE/POSSESSION,302,NORTHRIDGE DR,37.24790536676897,-89.76723462879077
18-058076,11/14/2018 15:34,Other Offenses,HEALTH-SANITATION VIOL,8241,CHURCH RD,37.213157841316324,-89.78967601164409
18-054460,11/14/2018 23:18,Disorderly Conduct,DISORDERLY CONDUCT-HARRASSMENT (IF NO THREAT I,212,S GRAND BLVD,37.13338287076695,-89.78643351993712
18-054416,11/15/2018 08:00,Weapons,WEAPONS-STATE VIOL/UNLWFL USE/POSSESSION,3740,VIRGINIA AVE,37.08886787054698,-89.78914683315072
18-054412,11/15/2018 08:22,Robbery,ROBBERY-COMMERCE PL/FIREARM USED/SUCCESS,3731,DR MARTIN LUTHER KING DR,37.150338346152026,-89.78287879317625
18-058102,11/15/2018 09:00,Larceny,"LARCENY-FROM BUILDING $500 - $24,999",3529,CHEROKEE ST,37.09621260413943,-89.79298427590781
18-054435,11/15/2018 10:00,Burglary,BURGLARY-RESIDENCE/DAY/FORCE ENT/UNOCCUPIED,3509,SHENANDOAH AVE,37.11050424476269,-89.79010073430017
18-054469,11/15/2018 16:00,Other Offenses,LEAVING SCENE OF ACCIDENT,7816,N BROADWAY,37.20688792862435,-89.78627751221309
18-054634,11/15/2018 18:30,Assault,ASSLT-AGGRAV-FIREARM-2ND-ADULT-DOMESTIC,4209,PAGE BLVD,37.15257125442702,-89.79382270816257
18-054634,11/15/2018 18:30,Assault,AGG.ASSAULT-FIREARM/CITIZEN ADULT 3RD DEGREE,4209,PAGE BLVD,37.15257125442702,-89.79382270816257
18-054755,11/17/2018 10:40,Assault,ASSLT-AGGRV-KNIFE/CUT-1ST-ADULT-DOMESTIC,3427,S JEFFERSON AVE,37.09344741052846,-89.77668753499988
18-060217,11/17/2018 22:00,Auto Theft,AUTO THEFT-PERM RETNT/UNRECOV OVER 48HR,0,BITTNER ST / CHURCH RD,37.2108829058206,-89.78860068983234
18-058898,11/18/2018 00:01,Burglary,BURGLARY-RESDNCE/UNK TIM/FORC ENT/UNOCCUPIED,4897,CALVIN AVE,37.18345238386983,-89.79818528950344
18-059893,11/18/2018 12:00,Larceny,LARCENY-ALL OTHER UNDER $500,4818,HAMMETT PL,37.16492825089732,-89.80798800167828
18-058223,11/19/2018 07:00,Burglary,BURGLARY-RESDNCE/UNK TIM/UNLW EN/UNOCCUPIED,4238,ARSENAL ST,37.10410233885651,-89.80985101541678
19-000523,11/19/2018 08:00,Fraud,FAILURE TO RETURN BORROWED/RENTED VEHICL,3260,S KINGSHIGHWAY BLVD,37.0998832801089,-89.81964017636318
18-055022,11/19/2018 11:52,Drug Abuse,DRUGS-POSSESSION/MARIJUANA,2048,E DE SOTO AVE,37.17508651875947,-89.76766917045995
18-057917,11/19/2018 17:00,Larceny,LARCENY-MTR VEH PARTS UNDER $500,1389,GRANVILLE PL,37.1652694926344,-89.82908455582628
18-058247,11/19/2018 18:00,Larceny,LARCENY-FROM BUILDING UNDER $500,6610,MORGANFORD RD,37.06716915247415,-89.82353463153251
19-000566,11/19/2018 19:00,Larceny,LARCENY-ALL OTHER UNDER $500,8524,RIVERVIEW BLVD,37.21311564269716,-89.79953913718596
18-059799,11/19/2018 19:41,Other Offenses,PUBLIC ORDER-OTHR UNSPC PBLC ORDER VIOLATION,1472,HICKORY LN,37.119651989247245,-89.75925713878773
18-057370,11/20/2018 10:45,Burglary,BURGLARY-RESDNCE/UNK TIM/FORC ENT/UNOCCUPIED,5042,WABADA AVE,37.16753710171573,-89.81403812147478
18-057357,11/20/2018 11:00,Burglary,BURGLARY-RESDNCE/UNK TIM/UNLW EN/UNOCCUPIED,3910,PARKER AVE,37.096071588450805,-89.8014972346963
18-057372,11/20/2018 17:00,Burglary,BURGLARY-RESDNCE/UNK TIM/FORC ENT/UNOCCUPIED,5236,RIDGE AVE,37.16239742468797,-89.82233588840005
18-055279,11/20/2018 19:27,Other Assault,ARSON-KNOWINGLY BURNING/SUCCESS,5453,DELMAR BLVD,37.1533671272166,-89.83085752792849
18-055279,11/20/2018 19:27,Other Assault,ARSON-KNOWINGLY BURNING/SUCCESS,5453,DELMAR BLVD,37.1533671272166,-89.83085752792849
18-058402,11/20/2018 19:40,Other Offenses,PUBLIC ORDER-OTHR UNSPC PBLC ORDER VIOLATION,3919,FOLSOM AVE,37.121125146911105,-89.79683932189994
18-057570,11/21/2018 12:00,Burglary,BURGLARY-RESDNCE/UNK TIM/FORC ENT/UNOCCUPIED,1429,TEMPLE PL,37.16821424513213,-89.83183937606151
18-058770,11/21/2018 17:12,Larceny,"LARCENY-ALL OTHER $500 - $24,999",4257,SHREVE AVE,37.180384346756504,-89.79619211434493
18-057102,11/22/2018 12:00,Burglary,BURGLARY-RESDNCE/UNK TIM/UNLW EN/UNOCCUPIED,3402,ARSENAL ST,37.102578331306766,-89.78878626636035
18-057555,11/22/2018 13:55,Other Offenses,PUBLIC ORDER-OTHR UNSPC PBLC ORDER VIOLATION,964,CANAAN AVE,37.22113469922649,-89.79163710552864
18-055535,11/23/2018 00:01,Auto Theft,AUTO THEFT-PERM RETNT/UNRECOV OVER 48HR,5720,NATURAL BRIDGE AVE,37.18468954244176,-89.82505191107185
18-056994,11/23/2018 00:15,Burglary,BURGLARY-RESDNCE/UNK TIM/FORC ENT/UNOCCUPIED,4842,SACRAMENTO AVE,37.17521700812522,-89.80118129021176
18-055555,11/23/2018 08:00,Assault,ASSLT-AGGRAV-FIREARM-1ST-ADULT-DOMESTIC,209,E GRAND AVE,37.17536711839584,-89.75873203624475
18-058626,11/23/2018 09:00,Larceny,"LARCENY-ALL OTHER $500 - $24,999",3853,FOREST PARK AVE,37.13558383779348,-89.79370522030463
18-055577,11/23/2018 12:01,Weapons,WEAPONS-STATE VIOL/UNLWFL USE/POSSESSION,1401,CHOUTEAU AVE,37.121446898764574,-89.75736673616444
18-058088,11/23/2018 21:00,Larceny,"LARCENY-FROM MTR VEH $500 - $24,999",0,I 64 WESTBOUND / S JEFFERSON A,37.12884287232554,-89.77035684469863
18-059087,11/24/2018 00:01,Larceny,"LARCENY-FROM MTR VEH $500 - $24,999",8581,DRURY LN,37.21540139682952,-89.80238544857853
18-055723,11/24/2018 08:45,Larceny,"LARCENY-FROM BUILDING $500 - $24,999",421,N 8TH ST,37.13219833421414,-89.74542389812402
18-057056,11/24/2018 11:52,Larceny,LARCENY-MTR VEH PARTS UNDER $500,4624,NEWPORT AVE,37.08159540066251,-89.81063710406214
18-056886,11/24/2018 13:00,Larceny,LARCENY-FROM MTR VEH UNDER $500  /ATTEMPT,3448,MISSOURI AVE,37.09271800567199,-89.77379141648498
18-058122,11/24/2018 13:15,Burglary,BURGLARY-RESDNCE/UNK TIM/UNLW EN/UNOCCUPIED,4152,FLORA PL,37.11332761168798,-89.80412256886727
18-057535,11/24/2018 13:22,Other Offenses,PUBLIC ORDER-OTHR UNSPC PBLC ORDER VIOLATION,4101,GRAVOIS AVE,37.08953127784429,-89.80616667512497
18-055768,11/24/2018 17:59,Drug Abuse,DRUGS-POSSESSION/COCAINE,3710,PENROSE ST,37.16861935018594,-89.76958064499875
18-055770,11/24/2018 18:00,Other Offenses,LEAVING SCENE OF ACCIDENT,0,N BROADWAY / CALVARY AVE,37.20113261984104,-89.7845392344024
18-055889,11/25/2018 11:45,Auto Theft,AUTO THEFT-PERM RETNT/UNRECOV OVER 48HR,1467,PEABODY CT,37.11921993266569,-89.75936644305247
18-056037,11/25/2018 19:00,Drug Abuse,DRUGS-POSSESSION/OTHR UNSPEC DRUG,3229,GRAVOIS AVE,37.09857569220692,-89.7878573917645
18-055924,11/25/2018 19:25,Assault,AGG.ASSAULT-FIREARM/CITIZEN ADULT 1ST DEGREE,0,I 70 WESTBOUND / MADISON ST,37.14933302573083,-89.74503234609033
18-057733,11/25/2018 21:45,Other Offenses,PUBLIC ORDER-OTHR UNSPC PBLC ORDER VIOLATION,1020,LOUGHBOROUGH AVE,37.05737013493103,-89.80967580414702
18-056067,11/25/2018 23:30,Burglary,BURGLARY-RESDNCE/UNK TIM/FORC ENT/UNOCCUPIED,5454,SHREVE AVE,37.186567955372375,-89.78908301556234
18-060233,11/26/2018 05:00,Larceny,LARCENY-ALL OTHER UNDER $500,5585,ERA AVE,37.20941599451179,-89.81166811987761
18-059063,11/26/2018 07:00,Larceny,LARCENY-ALL OTHER UNDER $500,1005,CONVENTION PZ,37.134735552358094,-89.74674176143964
18-055991,11/26/2018 07:45,Drug Abuse,DRUGS-POSSESSION/MARIJUANA,5140,RIVERVIEW BLVD,37.201316773812835,-89.81170064086633
18-057800,11/26/2018 08:00,Fraud,STLG BY DECEIT/IDENTITY THEFT REPORT,2152,VICTOR ST,37.10645725093461,-89.77169312892936
18-059802,11/26/2018 08:00,Larceny,"LARCENY-ALL OTHER $500 - $24,999",4569,RIDGEWOOD AVE,37.08596920473114,-89.82105426184367
18-056002,11/26/2018 09:45,Vandalism,DESTRUCTION OF PROPERTY-MALICIOUS/PRIV PROP,5811,CABANNE AVE,37.15832273489713,-89.83914994973598
18-057190,11/26/2018 12:00,Larceny,LARCENY-ALL OTHER UNDER $500,314,CLARA AVE,37.1482603788334,-89.83482790229925
18-057160,11/26/2018 15:59,Other Offenses,PUBLIC ORDER-OTHR UNSPC PBLC ORDER VIOLATION,2933,S KINGSHIGHWAY BLVD,37.106079672225896,-89.81939626027209
18-056256,11/26/2018 16:20,Larceny,"LARCENY-ALL OTHER $500 - $24,999",3418,ILLINOIS AVE,37.09341095324167,-89.77253223510618
18-056102,11/26/2018 16:45,Larceny,"LARCENY-ALL OTHER $500 - $24,999",0,N BROADWAY / E GRAND AVE,37.17705008947616,-89.7554729686143
18-059119,11/26/2018 17:00,Larceny,LARCENY-FROM MTR VEH UNDER $500,8810,N BROADWAY,37.22488707491282,-89.78537801587643
18-056096,11/26/2018 17:47,Vandalism,DESTRUCTION OF PROPERTY-MALICIOUS/PRIV PROP,5938,ETZEL AVE,37.16347862821992,-89.84341713871682
18-060821,11/26/2018 20:36,Arson,"STALKING (HARASSMENT ONLY, NO THREAT)",1429,PRATHER AVE,37.124273813748815,-89.85382070168009
18-058704,11/26/2018 21:30,Other Offenses,PUBLIC ORDER-OTHR UNSPC PBLC ORDER VIOLATION,8880,N BROADWAY,37.22704736471234,-89.78509708677097
18-057857,11/26/2018 22:00,Larceny,LARCENY-ALL OTHER UNDER $500,4237,LOUISIANA AVE,37.08027143228931,-89.79234427460082
18-056126,11/26/2018 22:45,Arson,SIMPLE ASSAULT-ADULT/NO INJURY,6310,LALITE AVE,37.203683897790974,-89.81783086936292
18-056126,11/26/2018 22:45,Assault,AGG.ASSAULT-OTH DANG WEP/CTZEN ADLT 3RD DEGREE,6310,LALITE AVE,37.203683897790974,-89.81783086936292
18-058893,11/27/2018 06:59,Burglary,BURGLARY-RESDNCE/UNK TIM/ATT FORCE ENTRY,617,WALSH ST,37.06920033043801,-89.79490807405806
18-056329,11/27/2018 07:20,Burglary,BURGLARY-RESIDENCE/DAY/UNLAW ENT/UNOCCUPIED,3450,OSAGE ST,37.08474613126838,-89.7931162915045
18-056200,11/27/2018 11:33,Assault,AGG.ASSAULT-OTH DANG WEP/CTZEN ADLT 3RD DEGREE,5700,LINDELL BLVD,37.14517613548738,-89.83809577919065
18-056882,11/27/2018 12:00,Burglary,BURGLARY-RESDNCE/UNK TIM/FORC ENT/UNOCCUPIED,2010,JOHN AVE,37.17305483191064,-89.76511333938487
18-056209,11/27/2018 12:29,Other Offenses,PUBLIC ORDER-TRESPASSING,4525,N EUCLID AVE,37.18612165009062,-89.79771114003901
18-058724,11/27/2018 17:00,Fraud,FAILURE TO RETURN BORROWED/RENTED VEHICL,418,S TUCKER BLVD,37.1254866365745,-89.75217585804586
18-057269,11/27/2018 18:58,Auto Theft,AUTO THEFT-PERM RETNT/UNRECOV OVER 48HR,0,LOUGHBOROUGH AVE / PENNSYLVANI,37.05330808645288,-89.80103543971249
18-056287,11/27/2018 21:57,Stolen Property,"STOLEN PROPERTY-BUYING,RECEIVING,POSSESSING,ET",4956,SAINT LOUIS AVE,37.17150257871833,-89.80936395912309
18-057821,11/27/2018 23:00,Auto Theft,AUTO THEFT-PERM RETNT/UNRECOV OVER 48HR,1725,CLARK AVE,37.12966909826668,-89.75888167120554
18-057821,11/27/2018 23:00,Auto Theft,AUTO THEFT-PERM RETNT/UNRECOV OVER 48HR,1725,CLARK AVE,37.12966909826668,-89.75888167120554
18-060140,11/28/2018 00:01,Other Offenses,PUBLIC ORDER-OTHR UNSPC PBLC ORDER VIOLATION,3641,BATES ST,37.06960877079146,-89.80440743007975
18-056352,11/28/2018 06:00,Drug Abuse,DRUGS-SALE/MARIJUANA,2735,CHOUTEAU AVE,37.12451235691214,-89.77390464695998
18-057364,11/28/2018 09:00,Larceny,LARCENY-MTR VEH PARTS UNDER $500,3706,COTE BRILLIANTE AVE,37.151409133416614,-89.78068884623465
18-057388,11/28/2018 11:52,Burglary,BURGLARY-RESDNCE/UNK TIM/FORC ENT/UNOCCUPIED,4671,ELMBANK AVE,37.170615889795464,-89.7997101998519
18-057900,11/28/2018 12:32,Other Offenses,PUBLIC ORDER-OTHR UNSPC PBLC ORDER VIOLATION,1020,LOUGHBOROUGH AVE,37.05737013493103,-89.80967580414702
18-059498,11/28/2018 14:26,Other Offenses,PUBLIC ORDER-OTHR UNSPC PBLC ORDER VIOLATION,200,S JEFFERSON AVE,37.13081278767082,-89.76930167060983
18-060493,11/28/2018 16:00,Larceny,LARCENY-FROM BUILDING UNDER $500,8511,CONCORD PL,37.21818136730161,-89.7879792985231
18-058124,11/28/2018 16:00,Larceny,LARCENY-FROM BUILDING UNDER $500,999,N 2ND ST,37.13524824322324,-89.73771784293717
18-057819,11/28/2018 16:23,Auto Theft,AUTO THEFT-PERM RETNT/UNRECOV OVER 48HR,2534,N GRAND BLVD,37.15427110862528,-89.77593535820111
18-056496,11/28/2018 18:00,Burglary,BURGLARY-RESDNCE/UNK TIM/FORC ENT/UNOCCUPIED,3657,MONTANA ST,37.08416042696188,-89.79648811637759
18-056442,11/28/2018 20:00,Disorderly Conduct,DISORDERLY CONDUCT-HARRASSMENT (IF NO THREAT I,3244,JANUARY AVE,37.10152555189722,-89.83790991302119
18-056580,11/28/2018 21:30,Larceny,LARCENY-MTR VEH PARTS UNDER $500,4016,PENNSYLVANIA AVE,37.08374471042253,-89.78535849900209
18-057200,11/28/2018 22:08,Other Offenses,PUBLIC ORDER-OTHR UNSPC PBLC ORDER VIOLATION,3920,HAMPTON AVE,37.09337770110206,-89.84296575398875
18-057179,11/28/2018 23:00,Auto Theft,AUTO THEFT-PERM RETNT/UNRECOV OVER 48HR,7004,NOTTINGHAM AVE,37.08701625799228,-89.86628108828045
18-057658,11/29/2018 00:01,Larceny,"LARCENY-FROM BUILDING $500 - $24,999",3017,KEOKUK ST,37.08640150977816,-89.78591054292161
18-058383,11/29/2018 06:00,Larceny,LARCENY-ALL OTHER UNDER $500,5814,RIDGE AVE,37.16872793510817,-89.83535051037904
18-057791,11/29/2018 08:00,Auto Theft,AUTO THEFT-TRUCK/PERM RETNT/UNRECOV OVER 48HR,6520,CHIPPEWA ST,37.090338526829704,-89.85159254099321
18-057216,11/29/2018 08:10,Arson,SIMPLE ASSAULT-ADULT/NO INJURY,1717,BIDDLE ST,37.1409328998893,-89.755047375211
18-059091,11/29/2018 12:00,Larceny,LARCENY-ALL OTHER UNDER $500,4635,ALDINE AVE,37.16112752651137,-89.80578930932958
18-058133,11/29/2018 13:28,Fraud,FAILURE TO RETURN BORROWED/RENTED VEHICL,1641,S KINGSHIGHWAY BLVD,37.11930794023952,-89.81837668506232
18-057564,11/29/2018 13:45,Other Offenses,PUBLIC ORDER-OTHR UNSPC PBLC ORDER VIOLATION,5544,S 37TH ST,37.070547748396294,-89.80460358946853
18-056561,11/29/2018 14:00,Drug Abuse,DRUGS-POSSESSION/HEROIN,5985,JULIAN AVE,37.16795856845063,-89.84261054464862
18-057159,11/29/2018 14:30,Burglary,BURGLARY-RESDNCE/UNK TIM/FORC ENT/UNOCCUPIED,652,E HOLLY AVE,37.18520432812486,-89.77025846280092
18-056566,11/29/2018 15:00,Disorderly Conduct,DISORDERLY CONDUCT-PEACE DSTRB/INDIVIDUAL,250,DE BALIVIERE AVE,37.14686092001977,-89.83712625323216
18-056919,11/29/2018 16:00,Larceny,"LARCENY-FROM MTR VEH $500 - $24,999",4973,OLEATHA AVE,37.09628842128268,-89.82421654140312
18-057240,11/29/2018 16:00,Burglary,BURGLARY-RESDNCE/UNK TIM/UNLW EN/UNOCCUPIED,2720,HOWARD ST,37.14774953904635,-89.7686534774002
18-056863,11/29/2018 16:30,Vandalism,DESTRUCTION OF PROPERTY-MALICIOUS/PRIV PROP,4466,GREENWICH CT,37.14516693991846,-89.80940692231631
18-056602,11/29/2018 17:59,Assault,AGG.ASSAULT-OTH DANG WEP/CTZEN ADLT 3RD DEGREE,5000,UNION BLVD,37.1903947227982,-89.80275124425656
18-056602,11/29/2018 17:59,Larceny,LARCENY-SHOPLIFT UNDER $500,5000,UNION BLVD,37.1903947227982,-89.80275124425656
18-057405,11/29/2018 18:00,Burglary,BURGLARY-RESDNCE/UNK TIM/FORC ENT/UNOCCUPIED,3239,PULASKI ST,37.07328211976995,-89.79206965220379
18-057404,11/29/2018 18:00,Burglary,BURGLARY-RESDNCE/UNK TIM/FORC ENT/UNOCCUPIED,3237,PULASKI ST,37.07328211976995,-89.79206965220379
18-057183,11/29/2018 19:00,Disorderly Conduct,DISORDERLY CONDUCT-PEACE DSTRB/INDIVIDUAL,2301,S 10TH ST,37.10654863795985,-89.75936867838192
18-056620,11/29/2018 20:25,Drug Abuse,DRUGS-POSSESSION/MARIJUANA,6388,STRATFORD AVE,37.1974761275619,-89.82223307125282
18-058789,11/29/2018 21:00,Burglary,BURGLARY-RESDNCE/UNK TIM/FORC ENT/UNOCCUPIED,3627,HOLT AVE,37.09175928634966,-89.80830541402054
18-060587,11/30/2018 00:01,Burglary,BURGLARY-RESDNCE/UNK TIM/UNLW EN/UNOCCUPIED,5373,WABADA AVE,37.170957837387206,-89.82083121668057
18-059205,11/30/2018 00:01,Burglary,BURGLARY-RESDNCE/UNK TIM/UNLW EN/UNOCCUPIED,4473,LEXINGTON AVE,37.170473447102985,-89.79376760610724
18-056680,11/30/2018 07:00,Burglary,BURGLARY-RESIDENCE/DAY/UNLAW ENT/UNOCCUPIED,3860,EVANS AVE,37.149972146610644,-89.78609658959346
18-056659,11/30/2018 07:24,Drug Abuse,DRUGS-POSSESSION/HEROIN,2828,KEOKUK ST,37.08613858970476,-89.78277780681589
18-058591,11/30/2018 08:45,Other Offenses,PUBLIC ORDER-OTHR UNSPC PBLC ORDER VIOLATION,7939,N BROADWAY,37.209124155050674,-89.78727250668284
18-057822,11/30/2018 11:00,Larceny,LARCENY-FROM BUILDING UNDER $500,2100,N 9TH ST,37.15000729353777,-89.7433846180717
18-057583,11/30/2018 11:30,Other Offenses,PUBLIC ORDER-OTHR UNSPC PBLC ORDER VIOLATION,1300,OHIO AVE,37.121662199886615,-89.77365192437448
18-060496,11/30/2018 11:30,Neglect,FAMILY & CHILD CRIME-ENDANGR WELF CHILD,3830,N 23RD ST,37.162333708608344,-89.76256820284624
18-057156,11/30/2018 12:00,Larceny,LARCENY-MTR VEH PARTS UNDER $500,2705,POTOMAC ST,37.093018069137855,-89.77892917461848
18-057317,11/30/2018 12:30,Other Offenses,PUBLIC ORDER-OTHR UNSPC PBLC ORDER VIOLATION,4255,HAMPTON AVE,37.09130453641506,-89.8446581207771
18-057393,11/30/2018 12:33,Larceny,LARCENY-ALL OTHER UNDER $500,1617,BURD AVE,37.170270376143044,-89.82760967689097
18-056732,11/30/2018 12:45,Arson,SIMPLE ASSAULT-ADULT/NO INJURY,701,CONVENTION PZ,37.13417887487347,-89.74338633013804
18-056772,11/30/2018 13:30,Vandalism,DESTRUCTION OF PROPERTY-MALICIOUS/PRIV PROP,4145,KENNERLY AVE,37.16006842591081,-89.78786685810358
18-056850,11/30/2018 14:00,Larceny,LARCENY-FROM MTR VEH UNDER $500  /ATTEMPT,6456,WANDA AVE,37.06893475650709,-89.82542399994412
19-000407,11/30/2018 14:00,Auto Theft,AUTO THEFT-PERM RETNT/UNRECOV OVER 48HR,1611,OFALLON ST,37.142502807048494,-89.75528953230963
18-057417,11/30/2018 14:15,Fraud,FRAUD-CREDIT DEVICE/OVER $150,4421,DELOR ST,37.08227139496681,-89.81978619787606
18-056745,11/30/2018 14:32,Robbery,ROBBERY CARJACKING /FIREARM USED/SUCCESSFUL,5280,HIGHLAND AVE,37.17060105064211,-89.81800216067018
18-057064,11/30/2018 15:00,Burglary,BURGLARY-RESDNCE/UNK TIM/FORC ENT/UNOCCUPIED,6131,SHERRY AVE,37.202225457530446,-89.81613480001164
18-057582,11/30/2018 15:00,Larceny,LARCENY-MTR VEH PARTS UNDER $500,3940,DELMAR BLVD,37.144313135044605,-89.79241621822999
18-058135,11/30/2018 15:06,Fraud,FAILURE TO RETURN BORROWED/RENTED VEHICL,1641,S KINGSHIGHWAY BLVD,37.11930794023952,-89.81837668506232
18-057144,11/30/2018 16:30,Larceny,LARCENY-FROM MTR VEH UNDER $500  /ATTEMPT,935,N VANDEVENTER AVE,37.14547846769678,-89.78984187157182
18-056907,11/30/2018 17:00,Larceny,LARCENY-FROM MTR VEH UNDER $500,1319,CARROLL ST,37.11610334429829,-89.7586622548467
18-056941,11/30/2018 17:00,Larceny,LARCENY-MTR VEH PARTS UNDER $500,4176,DETONTY ST,37.117349815482584,-89.80459564248387
18-057230,11/30/2018 17:00,Burglary,BURGLARY-RESDNCE/UNK TIM/FORC ENT/UNOCCUPIED,3158,BRANTNER PL,37.14625901710069,-89.77803435632218
18-056876,11/30/2018 17:30,Auto Theft,AUTO THEFT-PERM RETNT/ATTEMPT,1626,S 11TH ST,37.11460580124309,-89.75678170391473
18-057203,11/30/2018 17:30,Larceny,LARCENY-MTR VEH PARTS UNDER $500 /ATTEMPT,3924,CHIPPEWA ST,37.089136409280826,-89.80269869432178
18-057155,11/30/2018 18:00,Auto Theft,AUTO THEFT-TRUCK/PERM RETNT/ATTEMPT,1608,S BROADWAY,37.11109844560378,-89.75054950785685
18-057763,11/30/2018 18:00,Burglary,BURGLARY-RESDNCE/UNK TIM/ATT FORCE ENTRY,5412,PERNOD AVE,37.0945636950389,-89.83154637872167
18-056849,11/30/2018 18:30,Vandalism,DESTRUCTION OF PROPERTY-MALICIOUS/PRIV PROP,3200,LOCUST ST,37.137397545073604,-89.77845021510805
18-057543,11/30/2018 18:30,Larceny,"LARCENY-FROM MTR VEH $500 - $24,999",0,S 14TH ST / CLARK AVE,37.12775916396455,-89.75477257748345
18-057736,11/30/2018 18:30,Larceny,LARCENY-ALL OTHER UNDER $500,5456,SHREVE AVE,37.18663455999779,-89.78897324747476
18-057993,11/30/2018 19:00,Larceny,"LARCENY-FROM MTR VEH $500 - $24,999",5422,ROBERT AVE,37.06974797791892,-89.84262782142584
18-056908,11/30/2018 19:00,Vandalism,DESTRUCTION OF PROPERTY-MALICIOUS/PRIV PROP,4035,OREGON AVE,37.08303650567948,-89.78382502659572
18-056789,11/30/2018 19:28,Weapons,WEAPONS-STATE VIOL/UNLWFL USE/DISCHARGING,0,HAMILTON AVE / ROMAINE PL,37.16952153715502,-89.83790812458116
18-056878,11/30/2018 21:00,Auto Theft,AUTO THEFT-PERM RETNT/ATTEMPT,364,N BOYLE AVE,37.1429409745581,-89.80234957644724
18-056893,11/30/2018 22:00,Larceny,"LARCENY-FROM MTR VEH $500 - $24,999",0,S GRAND BLVD / LACLEDE AVE,37.1352230965335,-89.7862871029386
18-056881,11/30/2018 22:00,Auto Theft,AUTO THEFT-PERM RETNT/JOY RIDE,3718,S JEFFERSON AVE,37.088343283024415,-89.77662831429589
18-056888,11/30/2018 22:00,Vandalism,DESTRUCTION OF PROPERTY-MALICIOUS/PRIV PROP,600,N KINGSHIGHWAY BLVD,37.15058824965594,-89.81585567772845
18-056804,11/30/2018 22:21,Disorderly Conduct,DISORDERLY CONDUCT-PEACE DSTRB/INDIVIDUAL,1212,N 8TH ST,37.13852564535568,-89.7433145300996
18-056811,11/30/2018 22:45,Vandalism,DESTRUCTION OF PROPERTY-MALICIOUS/PRIV PROP,300,N 4TH ST,37.130273951648704,-89.74024639697983
18-057964,11/30/2018 23:00,Larceny,"LARCENY-FROM MTR VEH $500 - $24,999",2144,S GRAND BLVD,37.11264115816908,-89.79128710243111
18-056912,11/30/2018 23:00,Larceny,LARCENY-FROM MTR VEH UNDER $500,368,N TAYLOR AVE,37.14573106648577,-89.80902932187504
18-056853,11/30/2018 23:00,Other Offenses,LEAVING SCENE OF ACCIDENT,5574,PALM ST,37.18137174710024,-89.82130388464216
18-056837,11/30/2018 23:07,Assault,AGG.ASSAULT-FIREARM/CITIZEN ADULT 1ST DEGREE,3140,OLIVE ST,37.13627568248531,-89.77820521434072
18-056813,11/30/2018 23:13,Assault,AGG.ASSAULT-FIREARM/CITIZEN ADULT 1ST DEGREE,4192,MERAMEC ST,37.089453749228944,-89.81094369427204
18-056813,11/30/2018 23:13,Assault,AGG.ASSAULT-FIREARM/CITIZEN ADULT 1ST DEGREE,4192,MERAMEC ST,37.089453749228944,-89.81094369427204
18-056900,11/30/2018 23:30,Auto Theft,AUTO THEFT-PERM RETNT/UNRECOV OVER 48HR,0,S 9TH ST / SPRUCE ST,37.12552887304101,-89.74838271047201
18-056925,12/01/2018 00:01,Larceny,"LARCENY-FROM MTR VEH $500 - $24,999",309,EICHELBERGER ST,37.06643696464136,-89.79113438158551
18-056812,12/01/2018 00:01,Vandalism,DESTRUCTION OF PROPERTY-MALICIOUS/PRIV PROP,3694,FOREST PARK AVE,37.13471300433811,-89.79006499324474
18-057383,12/01/2018 00:01,Burglary,BURGLARY-RESIDENCE/NIT/UNLAW ENT/OCCUPIED,5629,ROSA AVE,37.08050171434407,-89.83906042771454
18-057295,12/01/2018 00:01,Auto Theft,AUTO THEFT-PERM RETNT/UNRECOV OVER 48HR,1087,JULIA ST,37.11453303666848,-89.75664576330462
18-056817,12/01/2018 00:15,Robbery,ROBBERY CARJACKING /FIREARM USED/SUCCESSFUL,0,N MARKET ST / PRAIRIE AVE,37.153822411344386,-89.78111580799394
18-056823,12/01/2018 00:16,Larceny,LARCENY-FROM MTR VEH UNDER $500  /ATTEMPT,0,N BEAUMONT ST / WASHINGTON AVE,37.136874508804844,-89.7689586619569
18-056818,12/01/2018 00:18,Other Offenses,LEAVING SCENE OF ACCIDENT,0,I 70 EASTBOUND / SAINT LOUIS A,37.154459742249266,-89.74829189760314
18-056845,12/01/2018 00:30,Larceny,"LARCENY-FROM BUILDING $500 - $24,999",3630,MCREE AVE,37.11847782021081,-89.7919146632229
18-056819,12/01/2018 00:34,Other Offenses,LEAVING SCENE OF ACCIDENT,0,N GRAND BLVD / SAINT LOUIS AVE,37.156222328556,-89.77513004299479
18-056822,12/01/2018 00:45,Vandalism,DESTRUCTION OF PROPERTY-MALICIOUS/PRIV PROP,316,LAUREL ST,37.14838394276746,-89.84174334886237
18-056825,12/01/2018 00:50,Other Offenses,LEAVING SCENE OF ACCIDENT,5051,GOODFELLOW BLVD,37.20207829037797,-89.81838455325455
18-056858,12/01/2018 01:00,Assault,"AGG.ASSAULT-HNDS,FST,FEET/CTZEN ADLT 3RD DEGRE",710,N 15TH ST,37.135253589650574,-89.75314284845413
18-056829,12/01/2018 01:00,Arson,SIMPLE ASSAULT-ADULT/NO INJURY,4659,MARYLAND AVE,37.14493300717893,-89.8136472876504
18-056829,12/01/2018 01:00,Arson,SIMPLE ASSAULT-ADULT/NO INJURY,4659,MARYLAND AVE,37.14493300717893,-89.8136472876504
18-056820,12/01/2018 01:04,Arson,"ASSAULT, ADULT, AGE 17 AND UP-DOMESTIC",4101,LOUISIANA AVE,37.0829317804956,-89.7918080281742
18-056828,12/01/2018 01:05,Larceny,LARCENY-MTR VEH PARTS UNDER $500 /ATTEMPT,5470,PLOVER AVE,37.20046688084023,-89.80272237724505
18-056831,12/01/2018 01:20,Other Offenses,LEAVING SCENE OF ACCIDENT,800,N BROADWAY,37.13395197523679,-89.74074548027325
18-056872,12/01/2018 01:30,Auto Theft,AUTO THEFT-PERM RETNT/ATTEMPT,1601,S TUCKER BLVD,37.11546644792874,-89.757390553782
18-056827,12/01/2018 01:35,Other Offenses,PUBLIC ORDER-TRESPASSING,601,CLARK AVE,37.125831615255564,-89.74487282987285
18-056830,12/01/2018 01:42,Other Offenses,LEAVING SCENE OF ACCIDENT,0,S GRAND BLVD / MONTANA ST,37.08441798515796,-89.7943022852634
18-056834,12/01/2018 02:04,Other Offenses,PUBLIC ORDER-TRESPASSING,7405,TENNESSEE AVE,37.054081204062605,-89.81351893630958
18-056835,12/01/2018 02:10,Vandalism,DESTRUCTION OF PROPERTY-MALICIOUS/PRIV PROP,8300,N BROADWAY,37.21326313718946,-89.78671991730707
18-056833,12/01/2018 02:11,Other Offenses,LEAVING SCENE OF ACCIDENT,721,N TUCKER BLVD,37.13503399589863,-89.75000215610635
18-056840,12/01/2018 02:27,Other Offenses,LEAVING SCENE OF ACCIDENT,5629,GRAVOIS AVE,37.07743045754301,-89.82201885675362
18-056838,12/01/2018 02:39,Other Offenses,LEAVING SCENE OF ACCIDENT,0,PALM ST / PRAIRIE AVE,37.16287491729117,-89.77522824348308
18-056848,12/01/2018 03:00,Larceny,"LARCENY-FROM MTR VEH $500 - $24,999",35,S GRAND BLVD,37.134401802522,-89.78698460819457
18-056965,12/01/2018 03:15,Auto Theft,AUTO THEFT-PERM RETNT/UNRECOV OVER 48HR,0,N 22ND ST / WASHINGTON AVE,37.13622946424873,-89.76358527126688
18-056843,12/01/2018 03:55,Vandalism,DESTRUCTION OF PROPERTY-MALICIOUS/PRIV PROP,4887,MARGARETTA AVE,37.17781159250099,-89.8013424104722
18-056844,12/01/2018 04:13,Other Offenses,LEAVING SCENE OF ACCIDENT,3436,LAFAYETTE AVE,37.11719341056968,-89.7861898368453
18-056847,12/01/2018 05:00,Robbery,ROBBERY-HIGHWAY  /FIREARM USED/SUCCESSFUL,4469,DR MARTIN LUTHER KING DR,37.15824740297831,-89.80120379715112
18-056846,12/01/2018 05:03,Robbery,ROBBERY-HIGHWAY  /FIREARM USED/SUCCESSFUL,4421,SAINT FERDINAND AVE,37.161195841746306,-89.79670028836375
18-056926,12/01/2018 06:11,Larceny,"LARCENY-MTR VEH PARTS $500 - $24,999",5524,RIVERVIEW BLVD,37.20501909039793,-89.80673362712545
18-056852,12/01/2018 06:19,DUI,DUI-DRVING WHILE INTOXICATED,0,MANHATTAN AVE / WELLINGTON CT,37.101068723545005,-89.86616218994278
18-057421,12/01/2018 07:00,Larceny,LARCENY-FROM BUILDING UNDER $500,4949,BARNES JEWISH HOSPITAL PLZ,37.13477444672992,-89.81678360930704
18-059506,12/01/2018 07:00,Larceny,"LARCENY-SHOPLIFT $500 - $24,999",4255,HAMPTON AVE,37.09130453641506,-89.8446581207771
18-059620,12/01/2018 07:00,Other Offenses,PUBLIC ORDER-OTHR UNSPC PBLC ORDER VIOLATION,4255,HAMPTON AVE,37.09130453641506,-89.8446581207771
18-061047,12/01/2018 08:00,Larceny,"LARCENY-BICYCLES $500 - $24,999",5933,PERSHING AVE,37.14833598366024,-89.84545264768738
18-056861,12/01/2018 08:30,Drug Abuse,DRUGS-POSSESSION/MARIJUANA,200,S TUCKER BLVD,37.1275520325569,-89.75140661353781
18-056917,12/01/2018 09:00,Larceny,LARCENY-FROM MTR VEH UNDER $500,4440,MARYLAND AVE,37.14312067659086,-89.80805131094901
18-058608,12/01/2018 09:00,Larceny,LARCENY-MTR VEH PARTS UNDER $500,2935,SAMUEL SHEPARD DR,37.13843508872151,-89.77235223847832
18-059080,12/01/2018 09:00,Fraud,FRAUD-CREDIT DEVICE/OVER $150,5057,WASHINGTON PL,37.150727092982166,-89.8186249597814
18-056864,12/01/2018 09:01,Drug Abuse,DRUGS-POSSESSION/METHAMPHETAMINE,4940,NORTHRUP AVE,37.11868383957832,-89.81926487419403
18-056874,12/01/2018 09:49,Other Offenses,PUBLIC ORDER-TRESPASSING,0,N KINGSHIGHWAY BLVD / NATURAL,37.17647918320646,-89.80627664146843
18-056866,12/01/2018 09:58,Other Offenses,PUBLIC ORDER-TRESPASSING,721,N TUCKER BLVD,37.13503399589863,-89.75000215610635
18-056946,12/01/2018 10:00,Larceny,LARCENY-FROM BUILDING UNDER $500,425,S EUCLID AVE,37.13688330971775,-89.81490049405082
18-059824,12/01/2018 10:00,Larceny,LARCENY-ALL OTHER UNDER $500,5500,HENNESSEY CT,37.10506500320243,-89.83205034009531
18-056871,12/01/2018 10:04,Other Offenses,LEAVING SCENE OF ACCIDENT,5901,PAGE BLVD,37.16785399433666,-89.8393793991588
18-056873,12/01/2018 10:23,Other Offenses,PUBLIC ORDER-TRESPASSING,315,N 9TH ST,37.13106980882332,-89.74664932173927
18-056880,12/01/2018 11:05,Vagrancy,LOITERING-BEGGING,1100,OLIVE ST,37.131171011815454,-89.74899407549952
18-056885,12/01/2018 11:23,Fraud,FRAUD-STEALING BY DECEIT/OVER $150,3156,WYOMING ST,37.09916084164233,-89.78591374619917
18-057167,12/01/2018 11:28,Other Offenses,LEAVING SCENE OF ACCIDENT,708,BADEN AVE,37.2122960001856,-89.78591689323933
18-056884,12/01/2018 11:46,Larceny,LARCENY-MTR VEH PARTS UNDER $500,3728,COTTAGE AVE,37.15458005541604,-89.77945373115712
18-058105,12/01/2018 12:00,Arson,SIMPLE ASSAULT-HARRASSMENT,7002,NOTTINGHAM AVE,37.08701625799228,-89.86628108828045
18-056940,12/01/2018 12:00,Auto Theft,AUTO THEFT-PERM RETNT/UNRECOV OVER 48HR,3150,S GRAND BLVD,37.10160890131736,-89.792838462631
18-057602,12/01/2018 12:00,Larceny,"LARCENY-FROM BUILDING $500 - $24,999",5703,MIMIKA AVE,37.20953912602381,-89.81045038636802
18-057063,12/01/2018 12:00,Burglary,BURGLARY-RESIDENCE/DAY/FORCE ENT/UNOCCUPIED,5336,CABANNE AVE,37.15674845092882,-89.82695880640672
18-056947,12/01/2018 12:00,Burglary,BURGLARY-RESIDENCE/DAY/UNLAW ENT/UNOCCUPIED,3154,ARSENAL ST,37.10231838667676,-89.78617998971475
18-057060,12/01/2018 12:00,Larceny,LARCENY-FROM MTR VEH UNDER $500,1714,S TUCKER BLVD,37.1138199521477,-89.75838688568308
18-056896,12/01/2018 12:46,Weapons,WEAPONS-CITY VIOL/DISCHRGING IN CITY,0,LEXINGTON AVE / N TAYLOR AVE,37.170501915413766,-89.7944440723176
18-057058,12/01/2018 12:46,Burglary,BURGLARY-RESDNCE/UNK TIM/ATT FORCE ENTRY,3932,CHIPPEWA ST,37.089155401763186,-89.80297129348376
18-056902,12/01/2018 12:56,Other Offenses,LEAVING SCENE OF ACCIDENT,0,CLARENCE AVE / ROSALIE ST,37.179428569968415,-89.78216652909582
18-056903,12/01/2018 12:58,Disorderly Conduct,DISORDERLY CONDUCT-PEACE DSTRB/INDIVIDUAL,0,GRAVOIS AVE / S JEFFERSON AVE,37.10633754661179,-89.77405610523451
18-057544,12/01/2018 13:00,Larceny,LARCENY-MTR VEH PARTS UNDER $500,6821,MORGANFORD RD,37.0657891727961,-89.82541578779104
18-056909,12/01/2018 13:00,Other Offenses,PUBLIC ORDER-TRESPASSING,0,N KINGSHIGHWAY BLVD / NATURAL,37.17647918320646,-89.80627664146843
18-056901,12/01/2018 13:10,Other Offenses,OBSTRUCT GOVRN OP-JUDIC/OTHR UNSPC JUDIC VIOL,0,NATURAL BRIDGE AVE / PRAIRIE A,37.16487221872034,-89.77711178495213
18-056906,12/01/2018 13:24,Stolen Property,"STOLEN PROPERTY-BUYING,RECEIVING,POSSESSING,ET",2616,HODIAMONT AVE,37.178252024373776,-89.83615681223176
18-057584,12/01/2018 13:30,Burglary,BURGLARY-RESDNCE/UNK TIM/FORC ENT/UNOCCUPIED,5916,ALPHA AVE,37.21260681880064,-89.80688869913523
18-056916,12/01/2018 13:50,Other Offenses,LEAVING SCENE OF ACCIDENT,4632,W FLORISSANT AVE,37.18458301241392,-89.78556411685635
18-059510,12/01/2018 13:55,Fraud,FRAUD-CREDIT DEVICE/OVER $150,2124,PORTIS AVE,37.112885631711706,-89.81380242548192
18-056922,12/01/2018 13:59,Larceny,"LARCENY-SHOPLIFT $500 - $24,999",4255,HAMPTON AVE,37.09130453641506,-89.8446581207771
18-057326,12/01/2018 13:59,Other Offenses,PUBLIC ORDER-OTHR UNSPC PBLC ORDER VIOLATION,4255,HAMPTON AVE,37.09130453641506,-89.8446581207771
18-057047,12/01/2018 14:00,Vandalism,DESTRUCTION OF PROPERTY-MALICIOUS/PRIV PROP,5406,MAGNOLIA AVE,37.10904750752118,-89.82931882703993
18-056914,12/01/2018 14:00,Larceny,LARCENY-SHOPLIFT UNDER $500,4930,CHRISTY BLVD,37.083730757867066,-89.82566480244876
18-056915,12/01/2018 14:00,Other Offenses,LEAVING SCENE OF ACCIDENT,0,E GRAND AVE / I 70 WESTBOUND,37.17477623306131,-89.75944949318857
18-056923,12/01/2018 14:30,Arson,SIMPLE ASSAULT-ADULT/NO INJURY,811,N 9TH ST,37.135111615537205,-89.74576925375234
18-056960,12/01/2018 14:50,Other Offenses,LEAVING SCENE OF ACCIDENT,5714,WATERMAN BLVD,37.148615550166554,-89.83813300092609
18-057022,12/01/2018 15:00,Larceny,LARCENY-FROM MTR VEH UNDER $500,1533,KRAFT ST,37.12286063483128,-89.85201120246832
18-057439,12/01/2018 15:00,Larceny,"LARCENY-ALL OTHER $500 - $24,999",4487,NATURAL BRIDGE AVE,37.17179427090573,-89.79326713961028
18-057442,12/01/2018 15:00,Auto Theft,AUTO THEFT-PERM RETNT/UNRECOV OVER 48HR,6188,MCPHERSON AVE,37.150149002989956,-89.85210699401945
18-056924,12/01/2018 15:00,Larceny,LARCENY-SHOPLIFT UNDER $500,60,HAMPTON VILLAGE PLZ,37.09093399227184,-89.84149974389598
18-056970,12/01/2018 15:30,Burglary,BURGLARY-RESDNCE/UNK TIM/FORC ENT/UNOCCUPIED,2311,ANN AVE,37.111198562942946,-89.77219777435099
18-057158,12/01/2018 15:30,Larceny,LARCENY-FROM MTR VEH UNDER $500  /ATTEMPT,4131,LINDELL BLVD,37.14031477588596,-89.79843181422716
18-056927,12/01/2018 15:45,Drug Abuse,DRUGS-POSSESSION/HEROIN,3101,PROVIDENCE PL,37.080154830580625,-89.78714926015873
18-056936,12/01/2018 16:00,Burglary,BURGLARY-RESIDENCE/DAY/FORCE ENT/UNOCCUPIED,4720,S BROADWAY,37.070532400243216,-89.78445042246193
18-056929,12/01/2018 16:10,Other Offenses,LEAVING SCENE OF ACCIDENT,3864,S SPRING AVE,37.08768535641571,-89.79828491738635
18-056931,12/01/2018 16:14,Other Offenses,LEAVING SCENE OF ACCIDENT,0,RIVERVIEW BLVD / SWITZER AVE,37.2149354456206,-89.79845564704853
18-056932,12/01/2018 16:16,Other Offenses,LEAVING SCENE OF ACCIDENT,0,FORSYTH BLVD / N SKINKER BLVD,37.14456118170289,-89.85300936300605
18-056939,12/01/2018 16:17,Robbery,ROBBERY CARJACKING /FIREARM USED/SUCCESSFUL,0,MARCUS AVE / SAINT LOUIS AVE,37.167860449016395,-89.80224743177715
18-056937,12/01/2018 16:20,Arson,SIMPLE ASSAULT-ADULT/NO INJURY,6200,DELMAR,37.149433704843176,-89.85256818706472
18-056948,12/01/2018 16:30,Arson,SIMPLE ASSAULT-ADULT/NO INJURY,3635,VISTA AVE,37.12334218282011,-89.79234798563641
18-056921,12/01/2018 16:33,Burglary,BURGLARY-RESIDENCE/DAY/FORCE ENT/UNOCCUPIED,3407,KEOKUK ST,37.08691430055257,-89.79126097947622
18-056938,12/01/2018 16:38,Drug Abuse,DRUGS-POSSESSION/OTHR UNSPEC DRUG,5414,W FLORISSANT AVE,37.19780400901625,-89.79742010760046
18-056944,12/01/2018 16:41,Stolen Property,"STOLEN PROPERTY-BUYING,RECEIVING,POSSESSING,ET",1104,RIVERVIEW BLVD,37.22306205340021,-89.79328645853484
18-056959,12/01/2018 16:48,Weapons,WEAPONS-STATE VIOL/UNLWFL USE/CARRYING,1131,CANAAN AVE,37.221652593653694,-89.79443132834025
18-057075,12/01/2018 17:00,Auto Theft,AUTO THEFT-PERM RETNT/ATTEMPT,2705,POTOMAC ST,37.093018069137855,-89.77892917461848
18-056995,12/01/2018 17:00,Auto Theft,AUTO THEFT-PERM RETNT/UNRECOV OVER 48HR,5500,BEACON AVE,37.19855180142726,-89.80023948830532
18-056962,12/01/2018 17:00,Auto Theft,AUTO THEFT-PERM RETNT/UNRECOV OVER 48HR,1604,S 13TH ST,37.11575461023981,-89.75820698149174
18-057073,12/01/2018 17:00,Larceny,LARCENY-FROM MTR VEH UNDER $500,2830,LEMP AVE,37.10160882304405,-89.76789156986575
18-056952,12/01/2018 17:10,Arson,"ASSAULT, ADULT, AGE 17 AND UP-DOMESTIC",3216,GREER AVE,37.1579564951018,-89.77227591054955
18-056952,12/01/2018 17:10,Arson,"ASSAULT, ADULT, AGE 17 AND UP-DOMESTIC",3216,GREER AVE,37.1579564951018,-89.77227591054955
18-056945,12/01/2018 17:14,Robbery,ROBBERY CARJACKING /FIREARM USED/SUCCESSFUL,1463,PRESERVATION PL,37.142082025793,-89.75091623530643
18-057040,12/01/2018 17:20,Burglary,BURGLARY-BUSINESS/UNK TIME/UNLAW ENT/UNOCCUPIE,4729,GOODFELLOW BLVD,37.19816932138871,-89.821243309691
18-056943,12/01/2018 17:25,Arson,SIMPLE ASSAULT-ADULT/NO INJURY,260,N SKINKER BLVD,37.147981486735404,-89.85260722836547
18-057068,12/01/2018 17:30,Larceny,LARCENY-FROM MTR VEH UNDER $500,5526,FLOY AVE,37.20837671925138,-89.81283189656052
18-056958,12/01/2018 17:37,Homicide,HOMICIDE,4132,W GREEN LEA PL,37.174035150445775,-89.78045146499899
18-056953,12/01/2018 17:55,Arson,SIMPLE ASSAULT-ADULT/NO INJURY,1230,DILLON DR,37.11921993266569,-89.75936644305247
18-056954,12/01/2018 17:55,Vandalism,DESTRUCTION OF PROPERTY-MALICIOUS/PRIV PROP,3909,GRAVOIS AVE,37.09185108663249,-89.80103643610255
18-057074,12/01/2018 18:00,Burglary,BURGLARY-BUSINESS/UNK TIME/FORC ENT/UNOCCUPIED,3631,MARINE AVE,37.08927650905848,-89.77097331007228
18-057072,12/01/2018 18:00,Larceny,"LARCENY-FROM MTR VEH $500 - $24,999",1732,S 9TH ST,37.112762675912336,-89.75443138428409
18-057210,12/01/2018 18:20,Other Offenses,PUBLIC ORDER-OTHR UNSPC PBLC ORDER VIOLATION,3620,KOSCIUSKO ST,37.08913718762964,-89.76649394142802
18-056955,12/01/2018 18:20,Arson,"ASSAULT, ADULT, AGE 17 AND UP-DOMESTIC",3620,KOSCIUSKO ST,37.08913718762964,-89.76649394142802
18-056972,12/01/2018 18:45,Larceny,LARCENY-ALL OTHER UNDER $500,4301,POTOMAC ST,37.095508925198764,-89.8124068423655
18-056956,12/01/2018 18:56,Other Offenses,LEAVING SCENE OF ACCIDENT,0,CASS AVE / N JEFFERSON AVE,37.14653987944343,-89.76644255729454
18-057100,12/01/2018 19:00,Larceny,LARCENY-MTR VEH PARTS UNDER $500,1139,HODIAMONT AVE,37.163904459731974,-89.84551777996111
18-057096,12/01/2018 19:00,Larceny,LARCENY-MTR VEH PARTS UNDER $500,1301,HODIAMONT AVE,37.16889386490483,-89.84214279060372
18-057029,12/01/2018 19:00,Larceny,LARCENY-MTR VEH PARTS UNDER $500,1231,HODIAMONT AVE,37.16674360905479,-89.84428145461558
18-056963,12/01/2018 19:00,Larceny,LARCENY-SHOPLIFT UNDER $500,6411,GRAVOIS AVE,37.073321494513785,-89.82961110272605
18-057087,12/01/2018 19:00,Arson,"ASSAULT, ADULT, AGE 17 AND UP-DOMESTIC",5876,PLYMOUTH AVE,37.164538943661405,-89.84098295446088
18-057793,12/01/2018 20:00,Other Offenses,PUBLIC ORDER-OTHR UNSPC PBLC ORDER VIOLATION,5590,W FLORISSANT AVE,37.2008290788339,-89.8002642880046
18-056967,12/01/2018 20:00,Assault,AGG.ASSAULT-OTH DANG WEP/CTZEN ADLT 2ND DEGREE,5063,GENEVIEVE AVE,37.19640952363265,-89.8066528462995
18-056986,12/01/2018 20:00,Larceny,LARCENY-MTR VEH PARTS UNDER $500,5901,DELMAR BLVD,37.153838210679986,-89.84342457473959
18-057551,12/01/2018 20:00,Burglary,BURGLARY-RESDNCE/UNK TIM/UNLW EN/UNOCCUPIED,3405,GOODFELLOW BLVD,37.18235525609463,-89.82667210535625
18-057019,12/01/2018 20:30,Burglary,BURGLARY-RESDNCE/UNK TIM/FORC ENT/UNOCCUPIED,5415,S COMPTON AVE,37.065905538990314,-89.79408695320701
18-056974,12/01/2018 20:30,Burglary,BURGLARY-RESIDENCE/NIT/FORCE ENT/UNOCCUPIED,6003,ENRIGHT AVE,37.15515332800501,-89.84564694244725
18-057220,12/01/2018 21:00,Larceny,"LARCENY-FROM MTR VEH $500 - $24,999",0,N 9TH ST / OLIVE ST,37.13106980882332,-89.74664932173927
18-057260,12/01/2018 21:00,Larceny,"LARCENY-ALL OTHER $500 - $24,999",400,JEFFERSON DR,37.136060957518865,-89.81984826931168
18-057032,12/01/2018 21:00,Vandalism,DESTRUCTION OF PROPERTY-MALICIOUS/PRIV PROP,1000,WASHINGTON AVE,37.13302805817234,-89.74775964026071
18-057017,12/01/2018 21:00,Larceny,LARCENY-FROM MTR VEH UNDER $500,4425,HARRIS AVE,37.176168616184036,-89.77970671946007
18-056971,12/01/2018 21:10,Robbery,ROBBERY CARJACKING /STRNGARM/NO INJ/SUCCESSFUL,1114,HADLEY ST,37.13836310244043,-89.74772099661179
18-056973,12/01/2018 21:27,Other Offenses,LEAVING SCENE OF ACCIDENT,0,NORTH POINTE BLVD / RIVERVIEW,37.21025155107389,-89.80256958502011
18-057027,12/01/2018 21:30,Vandalism,DESTRUCTION OF PROPERTY-MALICIOUS/PRIV PROP,4621,BLAIR AVE,37.173602155753315,-89.76242003915465
18-056987,12/01/2018 21:47,Vandalism,DESTRUCTION OF PROPERTY-MALICIOUS/PRIV PROP,1824,N 22ND ST,37.14913615365905,-89.76039325093109
18-056978,12/01/2018 21:48,Assault,AGG.ASSAULT-FIREARM/CITIZEN ADULT 1ST DEGREE,1469,LASALLE LN,37.120355401354445,-89.75908125310521
18-056978,12/01/2018 21:48,Assault,AGG.ASSAULT-FIREARM/CITIZEN ADULT 1ST DEGREE,1469,LASALLE LN,37.120355401354445,-89.75908125310521
18-056978,12/01/2018 21:48,Assault,AGG.ASSAULT-FIREARM/CITIZEN ADULT 1ST DEGREE,1469,LASALLE LN,37.120355401354445,-89.75908125310521
18-057049,12/01/2018 22:00,Auto Theft,AUTO THEFT-PERM RETNT/UNRECOV OVER 48HR,3311,OXFORD AVE,37.104971003357115,-89.86495021151295
18-057256,12/01/2018 22:00,Larceny,"LARCENY-FROM MTR VEH $500 - $24,999",3117,LEMP AVE,37.097927042817005,-89.76911784988619
18-056977,12/01/2018 22:04,Fraud,FRAUD-STEALING BY DECEIT/UNDER $150,0,ROSEDALE AVE,37.152915840130355,-89.848545747352
18-056985,12/01/2018 22:27,Arson,SIMPLE ASSAULT-ADULT/NO INJURY,4044,OLEATHA AVE,37.093879605443085,-89.80570017503402
18-057024,12/01/2018 22:30,Auto Theft,AUTO THEFT-TRUCK/PERM RETNT/UNRECOV OVER 48HR,0,CHEROKEE ST / IOWA AVE,37.09499092421709,-89.77920448816168
18-057016,12/01/2018 22:30,Larceny,LARCENY-FROM BUILDING UNDER $500,5956,LUCILLE AVE,37.20435818891364,-89.81013159912284
18-057003,12/01/2018 23:00,Auto Theft,AUTO THEFT-PERM RETNT/UNRECOV OVER 48HR,5863,ROBERT AVE,37.071569363677284,-89.84588711023389
18-057035,12/01/2018 23:20,Robbery,ROBBERY-HIGHWAY  /FIREARM USED/SUCCESSFUL,6133,DELMAR BLVD,37.15424915094482,-89.84957707827596
18-057008,12/01/2018 23:29,Larceny,"LARCENY-FROM MTR VEH $500 - $24,999",0,N 18TH ST / WASHINGTON AVE,37.13528863374762,-89.7580824529827
18-056990,12/01/2018 23:30,Weapons,WEAPONS-CITY VIOL/DISCHRGING IN CITY,3135,LOUISIANA AVE,37.09988965652162,-89.78917419839422
18-056989,12/01/2018 23:30,Assault,AGG.ASSAULT-FIREARM/CITIZEN ADULT 3RD DEGREE,3450,ITASKA ST,37.07337486776819,-89.79593891794836
18-057267,12/01/2018 23:30,Larceny,"LARCENY-FROM MTR VEH $500 - $24,999",1911,LOCUST ST,37.134772938506444,-89.76064247444836
18-056996,12/02/2018 00:20,Robbery,ROBBERY-HIGHWAY  /STRNGARM/NO INJ/SUCCESS,0,CHEROKEE ST / TEXAS AVE,37.09478126910773,-89.77692065014661
18-056996,12/02/2018 00:20,Robbery,ROBBERY-HIGHWAY  /STRNGARM/NO INJ/SUCCESS,0,CHEROKEE ST / TEXAS AVE,37.09478126910773,-89.77692065014661
18-056992,12/02/2018 00:25,Other Offenses,LEAVING SCENE OF ACCIDENT,0,GERALDINE AVE / HARNEY AVE,37.19317470377119,-89.79676870548408
18-056993,12/02/2018 00:30,Vandalism,DESTRUCTION OF PROPERTY-MALICIOUS/PRIV PROP,3920,CALIFORNIA AVE,37.08503864338534,-89.78173578958771
18-057002,12/02/2018 01:12,Other Offenses,LEAVING SCENE OF ACCIDENT,0,CASS AVE / N TUCKER BLVD,37.14282537814829,-89.74576401947859
18-056997,12/02/2018 01:20,Assault,AGG.ASSAULT-FIREARM/CITIZEN ADULT 3RD DEGREE,5452,GRAVOIS AVE,37.077596721564234,-89.8199814467553
18-056997,12/02/2018 01:20,Assault,AGG.ASSAULT-FIREARM/CITIZEN ADULT 3RD DEGREE,5452,GRAVOIS AVE,37.077596721564234,-89.8199814467553
18-056997,12/02/2018 01:20,Arson,SIMPLE ASSAULT-ADULT/NO INJURY,5452,GRAVOIS AVE,37.077596721564234,-89.8199814467553
18-056999,12/02/2018 01:20,Other Offenses,LEAVING SCENE OF ACCIDENT,1000,HAMPTON AVE,37.12963446252785,-89.83796069434749
18-057000,12/02/2018 01:50,Other Offenses,PUBLIC ORDER-TRESPASSING,601,CLARK AVE,37.125831615255564,-89.74487282987285
18-057007,12/02/2018 02:30,Arson,SIMPLE ASSAULT-ADULT/NO INJURY,0,S BROADWAY / LAFAYETTE AVE,37.11114260687657,-89.75134868033648
18-057009,12/02/2018 03:10,Vandalism,DESTRUCTION OF PROPERTY-MALICIOUS/PRIV PROP,0,ARSENAL ST / BRANNON AVE,37.10513534971114,-89.82630000200078
18-057010,12/02/2018 03:15,Larceny,"LARCENY-ALL OTHER $500 - $24,999",430,S 15TH ST,37.12692233723478,-89.75651767815197
18-057011,12/02/2018 04:38,Arson,"ASSAULT, ADULT, AGE 17 AND UP-DOMESTIC",7027,DALE AVE,37.12550262116403,-89.85885783288377
18-057426,12/02/2018 05:07,Larceny,"LARCENY-FROM MTR VEH $500 - $24,999",2601,S 11TH ST,37.10326247961334,-89.76283245997163
18-057012,12/02/2018 05:16,Burglary,BURGLARY-RESIDENCE/NIT/UNLAW ENT/UNOCCUPIED,3631,MCREE AVE,37.11902544915188,-89.79197859554502
18-057018,12/02/2018 05:30,Larceny,LARCENY-MTR VEH PARTS UNDER $500,400,N 4TH ST,37.131342831095324,-89.73998002392374
18-057013,12/02/2018 05:30,Larceny,LARCENY-FROM MTR VEH UNDER $500,0,N BROADWAY / RIVERVIEW BLVD,37.22754574164972,-89.78550849007263
18-057014,12/02/2018 06:20,DUI,DUI-DRVING WHILE INTOXICATED,0,S GRAND BLVD / I 64 WESTBOUND,37.1324724913681,-89.78707933315489
18-057021,12/02/2018 07:30,Weapons,WEAPONS-STATE VIOL/UNLWFL USE/POSSESSION,1110,SALISBURY ST,37.16332049046197,-89.75281628498888
18-057061,12/02/2018 08:00,Burglary,BURGLARY-RESIDENCE/DAY/FORCE ENT/UNOCCUPIED,1534,N 17TH ST,37.145172452805284,-89.75274088128113
18-057618,12/02/2018 08:15,Larceny,LARCENY-FROM BUILDING UNDER $500,0,E SAN FRANCISCO AVE / TURNER A,37.170728540189096,-89.7868697846593
18-057059,12/02/2018 08:30,Vandalism,DESTRUCTION OF PROPERTY-MALICIOUS/PRIV PROP,8604,MORA LN,37.21663819226532,-89.80511730801479
18-057712,12/02/2018 08:38,Fraud,STLG BY DECEIT/IDENTITY THEFT REPORT,3817,FLORA PL,37.11355975192104,-89.79498045085897
18-057028,12/02/2018 09:00,Larceny,LARCENY-FROM MTR VEH UNDER $500,6409,GOVERNMENT DR,37.135754664892126,-89.84293808719737
18-057026,12/02/2018 09:00,Larceny,LARCENY-FROM BUILDING UNDER $500,1,S BROADWAY,37.127665206433115,-89.74323677001344
18-057108,12/02/2018 09:00,Burglary,BURGLARY-RESDNCE/UNK TIM/FORC ENT/UNOCCUPIED,3257,LIBERTY ST,37.07136987725283,-89.79291297691432
18-057067,12/02/2018 09:00,Larceny,LARCENY-FROM MTR VEH UNDER $500,6101,GOVERNMENT DR,37.13854143060278,-89.83742268313789
18-057037,12/02/2018 09:30,Larceny,"LARCENY-FROM MTR VEH $500 - $24,999",2200,INDIANA AVE,37.11076006639315,-89.7721591460409
18-057041,12/02/2018 09:40,Larceny,LARCENY-ALL OTHER UNDER $500,4660,CHIPPEWA ST,37.0898196595978,-89.82157145325691
18-057043,12/02/2018 09:55,Other Offenses,LEAVING SCENE OF ACCIDENT,1,FINE ARTS DR,37.138241414753445,-89.8462657747537
18-057030,12/02/2018 10:05,Other Offenses,LEAVING SCENE OF ACCIDENT,3757,MARINE AVE,37.08677565633224,-89.7715100917181
18-057034,12/02/2018 10:11,Other Offenses,LEAVING SCENE OF ACCIDENT,3351,S JEFFERSON AVE,37.09489444807928,-89.77645990742852
18-057553,12/02/2018 10:19,Vandalism,DESTRUCTION OF PROPERTY-MALICIOUS/PRIV PROP,3444,S JEFFERSON AVE,37.09303173531871,-89.77591074075006
18-057042,12/02/2018 10:45,Forgery,FORGERY-ISSUING FALSE INSTRUMENT OR CERTIFICAT,1020,LOUGHBOROUGH AVE,37.05737013493103,-89.80967580414702
18-057093,12/02/2018 11:00,Vandalism,DESTRUCTION OF PROPERTY-MALICIOUS/PRIV PROP,2708,SULPHUR AVE,37.110135775164075,-89.83929892493721
18-057048,12/02/2018 11:03,Forgery,FORGERY-ISSUING FALSE INSTRUMENT OR CERTIFICAT,4540,UNION BLVD,37.18904574294238,-89.80486251529118
18-057050,12/02/2018 11:30,Arson,"ASSAULT, ADULT, AGE 17 AND UP-DOMESTIC",4726,LEE AVE,37.178359887415304,-89.79678583814928
18-057045,12/02/2018 11:44,Other Offenses,LEAVING SCENE OF ACCIDENT,0,S JEFFERSON AVE / RUSSELL BLVD,37.11259332212531,-89.77321715423504
18-057065,12/02/2018 11:55,Larceny,LARCENY-FROM MTR VEH UNDER $500,1549,S JEFFERSON AVE,37.118088091202274,-89.77317147209733
18-057051,12/02/2018 12:00,Other Offenses,LEAVING SCENE OF ACCIDENT,0,BATES ST / LOUISIANA AVE,37.06770291908665,-89.80080769199586
18-060971,12/02/2018 12:11,Fraud,STLG BY DECEIT/IDENTITY THEFT REPORT,6824,SALZBURGER AVE,37.06869205712224,-89.83006207850545
18-057408,12/02/2018 13:00,Larceny,LARCENY-FROM MTR VEH UNDER $500,3616,ARKANSAS AVE,37.091668131641065,-89.79215903347293
18-059078,12/02/2018 13:20,Robbery,ROBBERY-HIGHWAY  /STRNGARM/NO INJ/SUCCESS,4343,W FLORISSANT AVE,37.181614639844014,-89.77989847617006
18-057152,12/02/2018 13:30,Other Offenses,LEAVING SCENE OF ACCIDENT,1949,ALFRED AVE,37.11565432703471,-89.81146942659309
18-057071,12/02/2018 14:42,Larceny,LARCENY-SHOPLIFT UNDER $500,1009,LOCUST ST,37.13222590450229,-89.74775108559867
18-057107,12/02/2018 15:00,Larceny,LARCENY-MTR VEH PARTS UNDER $500,4352,W BELLE PL,37.15090037918824,-89.80116579114603
18-057153,12/02/2018 15:00,Larceny,LARCENY-ALL OTHER UNDER $500,5472,PARTRIDGE AVE,37.2043584035875,-89.80633010497026
18-057082,12/02/2018 15:16,Homicide,HOMICIDE,4231,NATURAL BRIDGE AVE,37.16865934423406,-89.78580405537203
18-057077,12/02/2018 15:30,Vagrancy,LOITERING-BEGGING,1900,S JEFFERSON AVE,37.11356607935269,-89.7722401456413
18-057078,12/02/2018 15:30,Disorderly Conduct,DISORDERLY CONDUCT-PEACE DSTRB/INDIVIDUAL,401,S 14TH ST,37.126718048797784,-89.75538600497042
18-057092,12/02/2018 15:35,Larceny,"LARCENY-SHOPLIFT $500 - $24,999",3546,S GRAND BLVD,37.093205759512024,-89.7937940001762
18-057554,12/02/2018 16:00,Larceny,LARCENY-ALL OTHER UNDER $500,5918,LOUGHBOROUGH AVE,37.072732020950276,-89.84476475466481
18-057084,12/02/2018 16:01,Assault,ASSLT-AGGRAV-OTH-WPN-2ND-ADULT-DOMESTIC,0,BATES ST / I 55 SOUTHBOUND,37.063973305023474,-89.79314979435424
18-057079,12/02/2018 16:03,Larceny,LARCENY-SHOPLIFT UNDER $500,3751,S JEFFERSON AVE,37.08755894542626,-89.77755333326674
18-057081,12/02/2018 16:07,Assault,ASSLT-AGGRAV-FIREARM-3RD-ADULT-DOMESTIC,4140,S BROADWAY,37.08132656334252,-89.77843122146244
18-057086,12/02/2018 16:24,Larceny,LARCENY-FROM MTR VEH UNDER $500,4930,LINDELL BLVD,37.1429035632096,-89.81554033575483
18-057083,12/02/2018 16:50,Other Offenses,PUBLIC ORDER-TRESPASSING,801,N 11TH ST,37.13501777055005,-89.74775436468846
18-057088,12/02/2018 17:06,Other Offenses,PUBLIC ORDER-TRESPASSING,101,S 14TH ST,37.12927890728882,-89.75432245945622
18-057204,12/02/2018 17:06,Burglary,BURGLARY-RESIDENCE/DAY/FORCE ENT/UNOCCUPIED,5441,VERA AVE,37.18862884455742,-89.79085860358717
18-057090,12/02/2018 17:17,Other Offenses,LEAVING SCENE OF ACCIDENT,0,GOODFELLOW BLVD / NATURAL BRID,37.185473586238956,-89.82563908962352
18-057097,12/02/2018 17:25,DUI,DUI-DRVING WHILE INTOXICATED,4344,SHAW BLVD,37.116802053077244,-89.8083285432789
18-057355,12/02/2018 18:00,Larceny,"LARCENY-MTR VEH PARTS $500 - $24,999",0,FOREST PARK AVE / S SARAH ST,37.13638163777791,-89.79951464677882
18-057098,12/02/2018 18:00,Arson,"ASSAULT, ADULT, AGE 17 AND UP-DOMESTIC",1253,HAMPTON AVE,37.12614843265548,-89.83905614319771
18-057099,12/02/2018 18:24,Robbery,ROBBERY CARJACKING /FIREARM USED/SUCCESSFUL,8337,N BROADWAY,37.2142885159705,-89.78723924511294
18-057335,12/02/2018 18:30,Larceny,LARCENY-ALL OTHER UNDER $500,1202,GLASGOW AVE,37.142691565174765,-89.77084493304646
18-057101,12/02/2018 18:57,Burglary,BURGLARY-RESIDENCE/NIT/FORCE ENT/UNOCCUPIED,1801,RUTGER ST,37.119577754120826,-89.76318576853774
18-057627,12/02/2018 19:00,Vandalism,DESTRUCTION OF PROPERTY-MALICIOUS/PRIV PROP,4314,DARDENNE DR,37.19229180838031,-89.82702951969145
18-057115,12/02/2018 20:00,Other Offenses,LEAVING SCENE OF ACCIDENT,0,S 9TH ST / SOULARD ST,37.11194715686578,-89.7551255174445
18-057104,12/02/2018 20:06,Vandalism,DESTRUCTION OF PROPERTY-MALICIOUS/PRIV PROP,1217,HAMPTON AVE,37.12689823519121,-89.83889489527736
18-057106,12/02/2018 20:15,Stolen Property,"STOLEN PROPERTY-BUYING,RECEIVING,POSSESSING,ET",0,BELT AVE / NATURAL BRIDGE AVE,37.181376071372576,-89.81835093052891
18-057109,12/02/2018 20:16,Other Offenses,PUBLIC ORDER-TRESPASSING,315,N 9TH ST,37.13106980882332,-89.74664932173927
18-057105,12/02/2018 20:20,Assault,ASSLT-AGGRAV-FIREARM-3RD-ADULT-DOMESTIC,5352,PATTON AVE,37.16777597361017,-89.82196310920524
18-057146,12/02/2018 20:30,Larceny,LARCENY-FROM MTR VEH UNDER $500,5640,GREER AVE,37.17964387886119,-89.82453557123202
18-057633,12/02/2018 20:30,Larceny,LARCENY-FROM BUILDING UNDER $500,4158,SCHILLER PL,37.07667547618773,-89.81533380464862
18-057195,12/02/2018 21:00,Larceny,LARCENY-MTR VEH PARTS UNDER $500,4501,NEBRASKA AVE,37.07508385218413,-89.78617012004376
18-057182,12/02/2018 21:00,Larceny,LARCENY-FROM MTR VEH UNDER $500,8742,ORIOLE AVE,37.217403961211524,-89.79577158694036
18-057133,12/02/2018 21:00,Auto Theft,AUTO THEFT-PERM RETNT/UNRECOV OVER 48HR,5403,RUSKIN AVE,37.19267252665108,-89.79603813437981
18-057350,12/02/2018 21:00,Larceny,"LARCENY-ALL OTHER $500 - $24,999",7119,S BROADWAY,37.050962352126156,-89.80245250586344
18-057110,12/02/2018 21:05,Vagrancy,LOITERING-BEGGING,800,N BROADWAY,37.13395197523679,-89.74074548027325
18-057116,12/02/2018 21:10,Disorderly Conduct,DISORDERLY CONDUCT-PEACE DSTRB/INDIVIDUAL,4333,NEBRASKA AVE,37.079792277586165,-89.78678840200021
18-058577,12/02/2018 21:10,Other Offenses,PUBLIC ORDER-OTHR UNSPC PBLC ORDER VIOLATION,4333,NEBRASKA AVE,37.079792277586165,-89.78678840200021
18-057227,12/02/2018 21:30,Vandalism,DESTRUCTION OF PROPERTY-MALICIOUS/PRIV PROP,5238,THEODOSIA AVE,37.166368513653055,-89.81951653862797
18-057140,12/02/2018 21:30,Auto Theft,AUTO THEFT-PERM RETNT/UNRECOV OVER 48HR,5827,ERA AVE,37.21255416590203,-89.80963878605574
18-057114,12/02/2018 21:51,Other Offenses,LEAVING SCENE OF ACCIDENT,0,HALL ST / RIVERVIEW DR,37.22912835527674,-89.78044882500875
18-057194,12/02/2018 22:00,Vandalism,DESTRUCTION OF PROPERTY-MALICIOUS/PRIV PROP,0,GOENER AVE / ROSA AVE,37.074215956646555,-89.82462457477638
18-057142,12/02/2018 22:30,Auto Theft,AUTO THEFT-TRUCK/PERM RETNT/UNRECOV OVER 48HR,3510,RUSSELL BLVD,37.114145086803525,-89.79126351885762
18-057274,12/02/2018 22:30,Vandalism,DESTRUCTION OF PROPERTY-MALICIOUS/PRIV PROP,2710,HOWARD ST,37.14776337042962,-89.76829404555774
18-057137,12/02/2018 22:30,Larceny,LARCENY-FROM MTR VEH UNDER $500  /ATTEMPT,1913,BREMEN AVE,37.164493946360835,-89.7580015231088
18-057118,12/02/2018 22:50,DUI,DUI-DRVING WHILE INTOXICATED,0,S 18TH ST / GRATIOT ST,37.123850568139055,-89.76114548430999
18-057135,12/02/2018 23:00,Vandalism,DESTRUCTION OF PROPERTY-MALICIOUS/PRIV PROP,1001,PINE ST,37.13067297651588,-89.74820901484173
18-057119,12/02/2018 23:30,Other Offenses,LEAVING SCENE OF ACCIDENT,0,N FLORISSANT AVE / N MARKET ST,37.14952842660392,-89.75254816484103
18-057120,12/02/2018 23:33,Larceny,LARCENY-ALL OTH/FRM PRSN/UNDER $500,5518,ETZEL AVE,37.16220334223816,-89.83020384750624
18-057361,12/03/2015 16:30,Larceny,LARCENY-FROM BUILDING UNDER $500,711,N GRAND BLVD,37.141500645220844,-89.78385786683741
18-057614,12/03/2017 17:00,Larceny,LARCENY-FROM BUILDING UNDER $500,4171,LINDELL BLVD,37.14077340400386,-89.80091587291172
18-057128,12/03/2018 00:01,Arson,"ASSAULT, ADULT, AGE 17 AND UP-DOMESTIC",2005,LOCUST ST,37.134901524468994,-89.76137525085058
18-057136,12/03/2018 00:01,Larceny,LARCENY-MTR VEH PARTS UNDER $500,4258,DARDENNE DR,37.191672464996095,-89.82741413162606
18-057122,12/03/2018 00:02,Disorderly Conduct,DISORDERLY CONDUCT-PEACE DSTRB/INDIVIDUAL,1515,N 13TH ST,37.143904517485495,-89.74803136483607
18-057123,12/03/2018 00:18,Other Offenses,LEAVING SCENE OF ACCIDENT,0,I 70 EASTBOUND / SAINT LOUIS A,37.154459742249266,-89.74829189760314
18-057125,12/03/2018 00:55,Arson,SIMPLE ASSAULT-ADULT/NO INJURY,4752,PENNSYLVANIA AVE,37.07022446844802,-89.78736186459821
18-057127,12/03/2018 01:05,Larceny,LARCENY-FROM BUILDING UNDER $500,850,RIVERTRAIL CT,37.22929803836376,-89.78136010625683
18-057161,12/03/2018 01:24,Homicide,HOMICIDE,4828,N BROADWAY,37.176681078322474,-89.75979001761878
18-057987,12/03/2018 02:00,Larceny,LARCENY-MTR VEH PARTS UNDER $500,3200,S GRAND BLVD,37.099356600253,-89.7931557932341
18-057471,12/03/2018 02:00,Auto Theft,AUTO THEFT-PERM RETNT/UNRECOV OVER 48HR,0,RIVERVIEW DR / SPRING GARDEN D,37.24875421546993,-89.75651648820343
18-057145,12/03/2018 02:30,Vandalism,DESTRUCTION OF PROPERTY-MALICIOUS/PRIV PROP,850,RIVERTRAIL CT,37.22929803836376,-89.78136010625683
18-057129,12/03/2018 02:32,Assault,ASSLT-AGGRV-KNIFE/CUT-1ST-ADULT-DOMESTIC,2810,N FLORISSANT AVE,37.152969476824246,-89.75405035258005
18-057129,12/03/2018 02:32,Arson,"ASSAULT, ADULT, AGE 17 AND UP-DOMESTIC",2810,N FLORISSANT AVE,37.152969476824246,-89.75405035258005
18-057126,12/03/2018 02:50,Arson,SIMPLE ASSAULT-ADULT/NO INJURY,0,OSCEOLA ST / TENNESSEE AVE,37.078640549738054,-89.79400317981556
18-057617,12/03/2018 04:00,Larceny,LARCENY-FROM BUILDING UNDER $500,8410,HALLS FERRY RD,37.21521331728059,-89.78887651631855
18-057132,12/03/2018 04:30,Arson,SIMPLE ASSAULT-ADULT/NO INJURY,1228,LUCAS AVE,37.13442563154776,-89.75021565688225
18-057458,12/03/2018 05:00,Larceny,LARCENY-MTR VEH PARTS UNDER $500,5583,FLOY AVE,37.209716079192546,-89.81261996540016
18-057134,12/03/2018 06:10,Vandalism,DESTRUCTION OF PROPERTY-MALICIOUS/PRIV PROP,2107,E COLLEGE AVE,37.17646850173417,-89.77008358641977
18-057141,12/03/2018 06:20,Arson,SIMPLE ASSAULT-POLICE OFFICER/NO INJURY,5825,COTE BRILLIANTE AVE,37.17349290619709,-89.83263777951224
18-057150,12/03/2018 07:45,Disorderly Conduct,DISORDERLY CONDUCT-PEACE DSTRB/INDIVIDUAL,1000,WASHINGTON AVE,37.13302805817234,-89.74775964026071
18-057169,12/03/2018 08:00,Stolen Property,"STOLEN PROPERTY-BUYING,RECEIVING,POSSESSING,ET",3936,S COMPTON AVE,37.08528114084668,-89.78854109802954
18-058408,12/03/2018 08:00,Embezzlement,EMBEZZLEMENT-VALUE OVER $150,1807,GRAVOIS AVE,37.1098729518871,-89.76501672559492
18-059478,12/03/2018 08:00,Larceny,"LARCENY-ALL OTHER $500 - $24,999",1315,ANN AVE,37.10903023769269,-89.76338108842869
18-057151,12/03/2018 08:24,Other Offenses,LEAVING SCENE OF ACCIDENT,0,MAFFITT AVE / PRAIRIE AVE,37.15730993706817,-89.77888420267757
18-057235,12/03/2018 08:30,Auto Theft,AUTO THEFT-PERM RETNT/UNRECOV OVER 48HR,3635,VISTA AVE,37.12334218282011,-89.79234798563641
18-057154,12/03/2018 08:35,Larceny,LARCENY-SHOPLIFT UNDER $500,3431,UNION BLVD,37.17842376879536,-89.81380350308095
18-057157,12/03/2018 08:47,Other Offenses,LEAVING SCENE OF ACCIDENT,4751,LABADIE AVE,37.169722279001554,-89.80317302423576
18-057234,12/03/2018 09:00,Larceny,LARCENY-ALL OTHER UNDER $500,5814,THEODOSIA AVE,37.1721980934528,-89.83317939786195
18-057165,12/03/2018 09:29,Disorderly Conduct,DISORDERLY CONDUCT-PEACE DSTRB/INDIVIDUAL,4301,WARNE AVE,37.17326278860488,-89.77494393223762
18-059474,12/03/2018 09:51,Vandalism,DESTRUCTION OF PROPERTY-MALICIOUS/PRIV PROP,2708,SULPHUR AVE,37.110135775164075,-89.83929892493721
18-057189,12/03/2018 10:00,Assault,AGG.ASSAULT-FIREARM/CITIZEN ADULT 1ST DEGREE,402,CHRISTIAN AVE,37.2089414721267,-89.78500723945157
18-058744,12/03/2018 10:00,Burglary,BURGLARY-RESDNCE/UNK TIM/FORC ENT/UNOCCUPIED,3320,NEBRASKA AVE,37.0960112215025,-89.78237586131252
18-057475,12/03/2018 10:00,Vandalism,DESTRUCTION OF PROPERTY-MALICIOUS/PRIV PROP,3426,TENNESSEE AVE,37.0948788232374,-89.79053649995006
18-057189,12/03/2018 10:00,Assault,AGG.ASSAULT-FIREARM/CITIZEN ADULT 1ST DEGREE,402,CHRISTIAN AVE,37.2089414721267,-89.78500723945157
18-057171,12/03/2018 10:10,Other Offenses,PUBLIC ORDER-TRESPASSING,1136,WASHINGTON AVE,37.13335991706155,-89.74966178972446
18-057177,12/03/2018 10:10,Arson,SIMPLE ASSAULT-ADULT/NO INJURY,200,S TUCKER BLVD,37.1275520325569,-89.75140661353781
18-057191,12/03/2018 10:30,Weapons,WEAPONS-STATE VIOL/UNLWFL USE/POSSESSION,4451,FOREST PARK AVE,37.13840030507879,-89.80961333920364
18-057180,12/03/2018 10:44,Other Offenses,LEAVING SCENE OF ACCIDENT,0,S KINGSHIGHWAY BLVD / THOLOZAN,37.09271223172888,-89.82178603077188
18-057184,12/03/2018 10:48,Arson,SIMPLE ASSAULT-ADULT/NO INJURY,1119,N TUCKER BLVD,37.138912243455444,-89.74881096451945
18-057198,12/03/2018 11:47,Neglect,FAMILY & CHILD CRIME-ENDANGR WELF CHILD,5136,SHAW AVE,37.11711203541048,-89.82286367486431
18-057986,12/03/2018 12:00,Burglary,BURGLARY-RESDNCE/UNK TIM/UNLW EN/UNOCCUPIED,4440,NATURAL BRIDGE AVE,37.17072157815313,-89.792412983684
18-057360,12/03/2018 12:00,Auto Theft,AUTO THEFT-PERM RETNT/UNRECOV OVER 48HR,0,N NEWSTEAD AVE / SAINT FERDINA,37.161195841746306,-89.79670028836375
18-057411,12/03/2018 12:00,Larceny,"LARCENY-FROM BUILDING $500 - $24,999",5800,PAGE BLVD,37.165889706615616,-89.83682346588097
18-057196,12/03/2018 12:00,Disorderly Conduct,DISORDERLY CONDUCT-PEACE DSTRB/INDIVIDUAL,4527,DAVISON AVE,37.191365152574015,-89.81129973785386
18-057197,12/03/2018 12:12,Larceny,LARCENY-ALL OTHER UNDER $500,6919,TRAINOR CT,37.06118708200463,-89.81802361777828
18-057208,12/03/2018 12:15,Other Offenses,LEAVING SCENE OF ACCIDENT,0,HAMPTON AVE / SULPHUR AVE,37.124468905552675,-89.83872015476963
18-057209,12/03/2018 12:15,Larceny,LARCENY-FROM MTR VEH UNDER $500,1010,GOODFELLOW BLVD,37.1599522765832,-89.83862666327423
18-057206,12/03/2018 12:15,Drug Abuse,DRUGS-POSSESSION/COCAINE,5240,ST LOUIS AVE,37.17341907630591,-89.81487916242752
18-057211,12/03/2018 12:20,Drug Abuse,DRUGS-POSSESSION/MARIJUANA,5653,DR MARTIN LUTHER KING DR,37.17034059122481,-89.8303687714531
18-059580,12/03/2018 12:20,Arson,SIMPLE ASSAULT-CHILD/NO INJURY,706,N JEFFERSON AVE,37.137368871498154,-89.76549145985469
18-058111,12/03/2018 12:24,Larceny,LARCENY-FROM BUILDING UNDER $500,4121,FOREST PARK AVE,37.136803612373484,-89.80052605002355
18-057412,12/03/2018 12:30,Larceny,"LARCENY-FROM BUILDING $500 - $24,999",3035,CASS AVE,37.148310699209674,-89.77477887936996
18-057599,12/03/2018 12:30,Vandalism,DESTRUCTION OF PROPERTY-MALICIOUS/PRIV PROP,4125,N FLORISSANT AVE,37.166268022494634,-89.76277185919758
18-057207,12/03/2018 12:37,Other Offenses,LEAVING SCENE OF ACCIDENT,617,LOUGHBOROUGH AVE,37.05607376172844,-89.80533392948152
18-057201,12/03/2018 12:40,Drug Abuse,DRUGS-POSSESSION/HEROIN,6325,EMMA AVE,37.20817359682739,-89.81564423498729
18-057202,12/03/2018 12:44,Fraud,FRAUD-CREDIT DEVICE/OVER $150,4301,HAMPTON AVE,37.09014559246471,-89.84472059883217
18-057225,12/03/2018 12:58,Larceny,"LARCENY-FROM MTR VEH $500 - $24,999",5154,MCREE AVE,37.120535996577146,-89.81988200293569
18-057248,12/03/2018 13:00,Larceny,LARCENY-FROM MTR VEH UNDER $500,6514,CHIPPEWA ST,37.090482549247255,-89.85129569216122
18-057624,12/03/2018 13:00,Burglary,BURGLARY-BUSINESS/UNK TIME/FORC ENT/UNOCCUPIED,3801,KOSSUTH AVE,37.16820546628195,-89.7730201237164
18-057228,12/03/2018 13:30,Drug Abuse,DRUGS-POSSESSION/COCAINE,4355,SAINT FERDINAND AVE,37.161195841746306,-89.79670028836375
18-057222,12/03/2018 13:44,Burglary,BURGLARY-RESIDENCE/DAY/FORCE ENT/UNOCCUPIED,4887,SACRAMENTO AVE,37.17624341972724,-89.80237299710166
18-057215,12/03/2018 13:47,Fraud,STLG BY DECEIT/IDENTITY THEFT REPORT,6063,SUTHERLAND AVE,37.08993350732875,-89.8458703326268
18-057249,12/03/2018 13:50,Larceny,LARCENY-ALL OTHER UNDER $500,1934,N EUCLID AVE,37.16546741634319,-89.80955765086983
18-057221,12/03/2018 14:00,Arson,SIMPLE ASSAULT-ADULT/NO INJURY,1210,LOCUST ST,37.1324246649255,-89.75148265019325
18-057246,12/03/2018 14:10,Larceny,"LARCENY-FROM BUILDING $500 - $24,999",3432,OHIO AVE,37.093556873767035,-89.77821283422487
18-057229,12/03/2018 14:25,Other Offenses,HEALTH-SANITATION VIOL,315,N 9TH ST,37.13106980882332,-89.74664932173927
18-057253,12/03/2018 14:58,Other Offenses,LEAVING SCENE OF ACCIDENT,4245,N KINGSHIGHWAY BLVD,37.18395682104366,-89.80237880355153
18-057259,12/03/2018 15:15,Assault,ASSLT-AGGRV-KNIFE/CUT-3RD-ADULT-DOMESTIC,2141,E FAIR AVE,37.17758951586346,-89.77471937419904
18-057238,12/03/2018 15:20,Larceny,LARCENY-SHOPLIFT UNDER $500,4100,GRAVOIS AVE,37.08906305907576,-89.80567088420379
18-057268,12/03/2018 15:42,Auto Theft,AUTO THEFT-PERM RETNT/UNRECOV OVER 48HR,1130,N EUCLID AVE,37.15665300828252,-89.81242641599667
18-057245,12/03/2018 15:50,Other Offenses,LEAVING SCENE OF ACCIDENT,5001,S GRAND BLVD,37.073242523392516,-89.80019339363436
18-057244,12/03/2018 15:51,Other Offenses,LEAVING SCENE OF ACCIDENT,4500,S BROADWAY,37.07421926118093,-89.78343164027264
18-057586,12/03/2018 16:00,Auto Theft,AUTO THEFT-PERM RETNT/UNRECOV OVER 48HR,0,ADELAIDE AVE / HALL ST,37.184765819661976,-89.76040536099471
18-057468,12/03/2018 16:00,Larceny,LARCENY-FROM MTR VEH UNDER $500  /ATTEMPT,2924,MINNESOTA AVE,37.103532478588306,-89.78353758143415
18-057263,12/03/2018 16:00,Other Offenses,LEAVING SCENE OF ACCIDENT,2233,WASHINGTON AVE,37.13666242585728,-89.76469550047223
18-057309,12/03/2018 16:00,Larceny,LARCENY-FROM MTR VEH UNDER $500,1214,N 9TH ST,37.13857655087127,-89.7444334847135
18-057252,12/03/2018 16:24,Larceny,LARCENY-ALL OTHER UNDER $500,100,N 8TH ST,37.12928354526632,-89.74602397708955
18-057258,12/03/2018 16:46,Other Offenses,LEAVING SCENE OF ACCIDENT,0,N SKINKER BLVD / VERNON AVE,37.157025538909956,-89.85146946550051
18-057275,12/03/2018 16:50,Vandalism,DESTRUCTION OF PROPERTY-MALICIOUS/PRIV PROP,2211,MARKET ST,37.13273560133147,-89.76531692459014
18-057265,12/03/2018 16:58,Other Offenses,LEAVING SCENE OF ACCIDENT,0,CHIPPEWA ST / RIVER DES PERES,37.08448203556876,-89.86247234984157
18-057457,12/03/2018 17:00,Auto Theft,AUTO THEFT-PERM RETNT/UNRECOV OVER 48HR,5127,PALM ST,37.17711023638314,-89.80966075858527
18-057284,12/03/2018 18:00,Burglary,BURGLARY-RESDNCE/UNK TIM/UNLW EN/UNOCCUPIED,5008,ELENORE AVE,37.08299509109758,-89.82432202637115
18-057972,12/03/2018 18:00,Auto Theft,AUTO THEFT-PERM RETNT/UNRECOV OVER 48HR,0,N MARKET ST / PRAIRIE AVE,37.153822411344386,-89.78111580799394
18-057300,12/03/2018 18:00,Arson,SIMPLE ASSAULT-HARRASSMENT,459,EICHELBERGER ST,37.06765964654451,-89.79361053810526
18-057276,12/03/2018 18:09,Larceny,LARCENY-SHOPLIFT UNDER $500,4314,N GRAND BLVD,37.16971574283563,-89.76655101868576
18-057279,12/03/2018 18:36,Vandalism,DESTRUCTION OF PROPERTY-MALICIOUS/PRIV PROP,3720,N KINGSHIGHWAY BLVD,37.177064681915006,-89.80538822736005
18-058604,12/03/2018 18:36,Other Offenses,PUBLIC ORDER-OTHR UNSPC PBLC ORDER VIOLATION,3720,N KINGSHIGHWAY BLVD,37.177064681915006,-89.80538822736005
18-057271,12/03/2018 18:59,Other Offenses,PUBLIC ORDER-OTHR UNSPC PBLC ORDER VIOLATION,315,N 9TH ST,37.13106980882332,-89.74664932173927
18-057282,12/03/2018 19:00,Weapons,WEAPONS-STATE VIOL/UNLWFL USE/POSSESSION,5919,SHULTE AVE,37.206558343646854,-89.80672062350867
18-057563,12/03/2018 19:00,Auto Theft,AUTO THEFT-PERM RETNT/UNRECOV OVER 48HR,8222,CHURCH RD,37.21278934290049,-89.78862058445311
18-057278,12/03/2018 19:55,Larceny,LARCENY-FROM BUILDING UNDER $500,1109,WALTON AVE,37.15547499081865,-89.81028302095217
18-058054,12/03/2018 20:00,Larceny,"LARC-ALL OTH/FRM PRSN/$500 - $24,999",3731,DR MARTIN LUTHER KING DR,37.150338346152026,-89.78287879317625
18-057738,12/03/2018 20:00,Larceny,"LARCENY-ALL OTHER OVER $25,000",1819,E PRAIRIE AVE,37.17573374121746,-89.76512450863235
18-057283,12/03/2018 20:20,Stolen Property,"STOLEN PROPERTY-BUYING,RECEIVING,POSSESSING,ET",3730,GOODFELLOW BLVD,37.18623417674031,-89.82495572931465
18-057484,12/03/2018 20:45,Auto Theft,AUTO THEFT-TRUCK/PERM RETNT/UNRECOV OVER 48HR,6309,MINNESOTA AVE,37.058445632010034,-89.7978972797837
18-057285,12/03/2018 20:50,Burglary,BURGLARY-RESIDENCE/NIT/ATT FORCE ENTRY,3905,COTTAGE AVE,37.156475116999914,-89.78277451853863
18-057356,12/03/2018 21:00,Larceny,"LARCENY-FROM MTR VEH $500 - $24,999",910,MANHATTAN PL,37.14138344959084,-89.744394117559
18-057346,12/03/2018 21:00,Larceny,LARCENY-FROM MTR VEH UNDER $500,7119,S BROADWAY,37.050962352126156,-89.80245250586344
18-057286,12/03/2018 21:20,Vagrancy,LOITERING-BEGGING,1228,LUCAS AVE,37.13442563154776,-89.75021565688225
18-057385,12/03/2018 21:30,Larceny,LARCENY-ALL OTHER UNDER $500,4515,MAGNOLIA AVE,37.10949357168633,-89.81418342306817
18-057288,12/03/2018 21:35,Robbery,ROBBERY-HIGHWAY  /FIREARM USED/SUCCESSFUL,909,N KINGSHIGHWAY BLVD,37.15400586643356,-89.81650195990093
18-057308,12/03/2018 22:00,Auto Theft,AUTO THEFT-PERM RETNT/UNRECOV OVER 48HR,1302,N 9TH ST,37.13935265273014,-89.74421594332446
18-057494,12/03/2018 22:00,Larceny,LARCENY-MTR VEH PARTS UNDER $500,0,E GRAND AVE / I 70 EASTBOUND,37.17461675680635,-89.75972066361541
18-057293,12/03/2018 22:19,Burglary,BURGLARY-RESIDENCE/NIT/FORCE ENT/UNOCCUPIED,3749,LOUIS ST,37.055922472799296,-89.81899594664797
18-057289,12/03/2018 22:20,Other Offenses,LEAVING SCENE OF ACCIDENT,0,N 25TH ST / SALISBURY ST,37.16006839062731,-89.7624218298027
18-057347,12/03/2018 22:30,Larceny,LARCENY-FROM MTR VEH UNDER $500,3949,LINDELL BLVD,37.14031886440531,-89.79547011890548
18-057294,12/03/2018 23:00,Vandalism,DESTRUCTION OF PROPERTY-MALICIOUS/PRIV PROP,999,N 2ND ST,37.13524824322324,-89.73771784293717
18-057302,12/03/2018 23:00,Assault,ASSLT-AGGRAV-FIREARM-3RD-ADULT-DOMESTIC,3632,ALBERTA ST,37.085510849112545,-89.79601094234009
18-057312,12/03/2018 23:00,Larceny,LARCENY-FROM MTR VEH UNDER $500,702,CARR ST,37.13691587152001,-89.74320698203456
18-057409,12/04/2018 00:01,Burglary,BURGLARY-RESDNCE/UNK TIM/UNLW EN/UNOCCUPIED,5916,PARK LN,37.21195855710398,-89.8052911726954
18-059852,12/04/2018 00:01,Disorderly Conduct,DISORDERLY CONDUCT-HARRASSMENT (IF NO THREAT I,4109,SHAW BLVD,37.11646082708499,-89.80199119758021
18-057296,12/04/2018 00:15,Larceny,LARCENY-FROM BUILDING UNDER $500,2000,GEYER AVE,37.11239796829648,-89.76672476706382
18-057297,12/04/2018 00:19,Stolen Property,"STOLEN PROPERTY-BUYING,RECEIVING,POSSESSING,ET",5750,NATURAL BRIDGE AVE,37.18501726060112,-89.8255563217792
18-057299,12/04/2018 01:00,Weapons,WEAPONS-STATE VIOL/UNLWFL USE/POSSESSION,1515,HAMPTON AVE,37.12261434827772,-89.83949401262258
18-057298,12/04/2018 01:14,Drug Abuse,DRUGS-POSSESSION/OTHR UNSPEC DRUG,0,GOODFELLOW BLVD / I 70 WESTBOU,37.20035362370913,-89.8194947325939
18-057301,12/04/2018 01:20,Larceny,LARCENY-SHOPLIFT UNDER $500,3920,HAMPTON AVE,37.09337770110206,-89.84296575398875
18-057533,12/04/2018 01:20,Other Offenses,PUBLIC ORDER-OTHR UNSPC PBLC ORDER VIOLATION,3920,HAMPTON AVE,37.09337770110206,-89.84296575398875
18-057305,12/04/2018 02:30,Arson,SIMPLE ASSAULT-HARRASSMENT,3650,BATES ST,37.0692189767397,-89.80487821593444
18-058107,12/04/2018 03:00,Burglary,BURGLARY-RESDNCE/UNK TIM/FORC ENT/UNOCCUPIED,3509,ITASKA ST,37.07422539981615,-89.79657586098585
18-057303,12/04/2018 03:50,Larceny,LARCENY-FROM MTR VEH UNDER $500  /ATTEMPT,1105,N 8TH ST,37.13748854609734,-89.74361981383599
18-058104,12/04/2018 04:00,Burglary,BURGLARY-RESDNCE/UNK TIM/FORC ENT/UNOCCUPIED,4108,TURNER AVE,37.1730001855471,-89.78503651691398
18-057304,12/04/2018 04:05,Burglary,BURGLARY-BUSINESS/DAY/FORCE ENT/UNOCCUPIED,5400,PARTRIDGE AVE,37.203259573800636,-89.808172529176
18-057314,12/04/2018 05:59,Other Offenses,LEAVING SCENE OF ACCIDENT,0,I 70 WESTBOUND / SALISBURY ST,37.163954722597644,-89.75193890423617
18-057445,12/04/2018 06:00,Larceny,LARCENY-FROM MTR VEH UNDER $500,5871,ROOSEVELT PL,37.17958592249774,-89.83086308138904
18-057325,12/04/2018 06:40,Other Offenses,LEAVING SCENE OF ACCIDENT,0,GERMANIA ST / I 55 SOUTHBOUND,37.05308079668606,-89.81769715385425
18-057321,12/04/2018 06:40,Vandalism,DESTRUCTION OF PROPERTY-MALICIOUS/PRIV PROP,4283,E ASHLAND AVE,37.16646769570915,-89.78780417063601
18-057438,12/04/2018 06:40,Larceny,"LARCENY-FROM MTR VEH $500 - $24,999",6123,LAGOON DR,37.142700043389475,-89.85024093477647
18-057332,12/04/2018 06:48,Other Offenses,LEAVING SCENE OF ACCIDENT,0,CHIPPEWA ST / S KINGSHIGHWAY B,37.090956710733586,-89.8228224268935
18-057327,12/04/2018 06:50,Other Offenses,LEAVING SCENE OF ACCIDENT,0,S 7TH ST / I 55 NORTHBOUND,37.115581998213074,-89.7492470050939
18-057922,12/04/2018 07:00,Larceny,LARCENY-ALL OTHER UNDER $500,4511,MAGNOLIA AVE,37.109442035937754,-89.81398567904566
18-057455,12/04/2018 07:00,Vandalism,DESTRUCTION OF PROPERTY-MALICIOUS/PRIV PROP,3005,MINNESOTA AVE,37.10321959610987,-89.7842343628491
18-057436,12/04/2018 07:00,Other Offenses,LEAVING SCENE OF ACCIDENT,900,LUCAS AVE,37.133966498073015,-89.74574327426033
18-057331,12/04/2018 07:30,Weapons,WEAPONS-STATE VIOL/UNLWFL USE/CARRYING,3928,N FLORISSANT AVE,37.16393387489463,-89.76075469704978
18-057376,12/04/2018 07:30,Burglary,BURGLARY-RESIDENCE/DAY/FORCE ENT/UNOCCUPIED,1711,CASS AVE,37.144183510178806,-89.75344587743231
18-057391,12/04/2018 07:30,Auto Theft,AUTO THEFT-PERM RETNT/UNRECOV OVER 48HR,620,SHENANDOAH AVE,37.10553679383632,-89.75581369348184
18-057446,12/04/2018 07:45,Burglary,BURGLARY-RESIDENCE/DAY/FORCE ENT/UNOCCUPIED,4227,BINGHAM AVE,37.08885435489133,-89.81236209540843
18-057547,12/04/2018 07:50,Disorderly Conduct,DISORDERLY CONDUCT-PEACE DSTRB/INDIVIDUAL,4248,COTTAGE AVE,37.160469415368844,-89.79239358610008
18-058529,12/04/2018 08:00,Larceny,LARCENY-ALL OTHER UNDER $500,2344,ESTHER AVE,37.11303376163486,-89.84021413191708
18-057389,12/04/2018 08:00,Burglary,BURGLARY-RESIDENCE/DAY/FORCE ENT/UNOCCUPIED,3624,CALIFORNIA AVE,37.09035281007906,-89.78095854492432
18-060823,12/04/2018 08:00,Auto Theft,AUTO THEFT-PERM RETNT/UNRECOV OVER 48HR,0,DR MARTIN LUTHER KING DR / UNI,37.16533647244488,-89.82123617761735
18-057340,12/04/2018 08:10,Other Offenses,LEAVING SCENE OF ACCIDENT,0,N KINGSHIGHWAY BLVD / WASHINGT,37.150353246224,-89.81642919225847
18-057358,12/04/2018 08:30,Robbery,ROBBERY-HIGHWAY    /KNIFE USED/SUCCESSFUL,4200,PAPIN ST,37.12986685223377,-89.80381515620405
18-057390,12/04/2018 08:30,Vandalism,DESTRUCTION OF PROPERTY-MALICIOUS/PRIV PROP,3127,ST VINCENT AVE,37.1199217343726,-89.78310126699954
18-057353,12/04/2018 08:40,Other Offenses,LEAVING SCENE OF ACCIDENT,0,MEMORIAL DR / WASHINGTON AVE,37.13199100359587,-89.73963245105715
18-057348,12/04/2018 08:48,Other Offenses,LEAVING SCENE OF ACCIDENT,0,FRIEDA AVE / MORGANFORD RD,37.077552520902195,-89.81717681829954
18-057352,12/04/2018 08:48,Other Offenses,OBSTRUCT GOVRN OP-JUDIC/OTHR UNSPC JUDIC VIOL,1801,E PRAIRIE AVE,37.176023419670386,-89.76464120927335
18-057351,12/04/2018 09:20,Fraud,STLG BY DECEIT/IDENTITY THEFT REPORT,4718,EICHELBERGER ST,37.07941883959253,-89.8254912227872
18-057369,12/04/2018 09:40,Disorderly Conduct,DISORDERLY CONDUCT-PEACE DSTRB/INDIVIDUAL,0,N KINGSHIGHWAY BLVD / NATURAL,37.17647918320646,-89.80627664146843
18-058266,12/04/2018 10:00,Larceny,LARCENY-ALL OTHER UNDER $500,5751,THEKLA AVE,37.20152281877614,-89.80667368241865
18-057366,12/04/2018 10:00,Robbery,ROBBERY-HIGHWAY    /KNIFE USED/SUCCESSFUL,3182,S GRAND BLVD,37.10026176039879,-89.79303394018687
18-057473,12/04/2018 10:00,Larceny,LARCENY-MTR VEH PARTS UNDER $500,826,UNION BLVD,37.154017726030276,-89.82543997667969
18-057367,12/04/2018 10:28,Assault,AGG.ASSAULT-FIREARM/CITIZEN ADULT 1ST DEGREE,1945,HEBERT ST,37.156901184121814,-89.75586014824574
18-057522,12/04/2018 10:33,Larceny,"LARCENY-MTR VEH PARTS $500 - $24,999",1427,S 3RD ST,37.11357092452737,-89.74851488612083
18-057379,12/04/2018 10:41,Robbery,ROBBERY-HIGHWAY  /FIREARM USED/SUCCESSFUL,317,DE BALIVIERE AVE,37.14764889716252,-89.83732417787236
18-057382,12/04/2018 10:50,Other Offenses,OBSTRUCT GOVRN OP-JUDIC/OTHR UNSPC JUDIC VIOL,4240,JOHN AVE,37.16981343248682,-89.76873099456134
18-057437,12/04/2018 11:00,Larceny,LARCENY-MTR VEH PARTS UNDER $500,4746,ASHLAND AVE,37.171200774850085,-89.80166877322995
18-057374,12/04/2018 11:00,Burglary,BURGLARY-RESIDENCE/DAY/FORCE ENT/UNOCCUPIED,3733,N TAYLOR AVE,37.172629049669226,-89.79346386357088
18-057459,12/04/2018 11:30,Burglary,BURGLARY-RESIDENCE/DAY/UNLAW ENT/UNOCCUPIED,3733,S BROADWAY,37.08822415454388,-89.77630390457936
18-057384,12/04/2018 11:45,Auto Theft,AUTO THEFT-PERM RETNT/UNRECOV OVER 48HR,0,ARSENAL ST / NEBRASKA AVE,37.10181267768986,-89.78156925470867
18-057429,12/04/2018 11:49,Other Offenses,PUBLIC ORDER-OTHR UNSPC PBLC ORDER VIOLATION,1815,COLE ST,37.139073774508624,-89.7574198656924
18-057561,12/04/2018 12:00,Larceny,LARCENY-FROM MTR VEH UNDER $500  /ATTEMPT,6409,WINONA AVE,37.09184102498186,-89.84743155668556
18-057399,12/04/2018 12:00,Larceny,LARCENY-ALL OTHER UNDER $500,5088,MINERVA AVE,37.16073744079047,-89.81882480857266
18-058281,12/04/2018 12:00,Burglary,BURGLARY-RESDNCE/UNK TIM/FORC ENT/UNOCCUPIED,8571,DRURY LN,37.21517365572599,-89.80246301454432
18-058146,12/04/2018 12:00,Burglary,BURGLARY-RESDNCE/UNK TIM/FORC ENT/UNOCCUPIED,5535,GENEVIEVE AVE,37.200200480003424,-89.8004192333428
18-057398,12/04/2018 12:10,Vandalism,DESTRUCTION OF PROPERTY-MALICIOUS/PRIV PROP,1850,RUSSELL BLVD,37.11051340017403,-89.76492263389896
18-057536,12/04/2018 12:15,Other Offenses,PUBLIC ORDER-OTHR UNSPC PBLC ORDER VIOLATION,911,WASHINGTON AVE,37.13354542382045,-89.7464809193008
18-057396,12/04/2018 12:47,Other Offenses,LEAVING SCENE OF ACCIDENT,4117,GERMANIA ST,37.05906434194191,-89.82903657502143
18-057400,12/04/2018 13:02,Other Offenses,LEAVING SCENE OF ACCIDENT,5215,MANCHESTER AVE,37.124377864495166,-89.82444850408737
18-057406,12/04/2018 13:13,Other Offenses,LEAVING SCENE OF ACCIDENT,720,OLIVE ST,37.13024841069852,-89.74538617881791
18-057403,12/04/2018 13:13,Other Offenses,OBSTRUCT GOVRN OP-JUDIC/OTHR UNSPC JUDIC VIOL,1255,HORNSBY AVE,37.219862481929006,-89.79721587144836
18-057420,12/04/2018 13:35,Arson,SIMPLE ASSAULT-ADULT/NO INJURY,300,S GRAND BLVD,37.1326225143982,-89.78569657698843
18-057415,12/04/2018 13:46,Other Offenses,LEAVING SCENE OF ACCIDENT,3131,HAMPTON AVE,37.10505376568152,-89.83993354721144
18-057448,12/04/2018 14:00,Larceny,LARCENY-FROM MTR VEH UNDER $500  /ATTEMPT,3151,HALLIDAY AVE,37.10552276750327,-89.78564430430663
18-057423,12/04/2018 14:01,Drug Abuse,DRUGS-POSSESSION/HEROIN,0,DELMAR BLVD / N KINGSHIGHWAY B,37.151415145695005,-89.81630418743633
18-057427,12/04/2018 14:05,Vandalism,DESTRUCTION OF PROPERTY-MALICIOUS/PRIV PROP,1903,MIAMI ST,37.090330475699346,-89.76994730420019
18-057422,12/04/2018 14:05,Forgery,FORGERY-ISSUING FALSE INSTRUMENT OR CERTIFICAT,3120,SAINT LOUIS AVE,37.15514969577995,-89.77275682156598
18-057434,12/04/2018 14:13,Larceny,LARCENY-SHOPLIFT UNDER $500,932,LOUGHBOROUGH AVE,37.056587563247206,-89.80910867699187
18-057909,12/04/2018 14:13,Other Offenses,PUBLIC ORDER-OTHR UNSPC PBLC ORDER VIOLATION,950,LOUGHBOROUGH AVE,37.05769121565242,-89.80927652090524
